open,high,low,close,volume,target
73.01,73.71,72.82,73.31,2000477,74.13
73.09,73.27,72.1,73.07,1880055,74.13
72.89,73.495,72.58,73.37,1710274,74.13
73.32,73.71,73.2,73.56,1884631,74.13
73.21,73.5,72.66,73.13,2096346,74.13
73.08,74.16,73.0,74.16,3221961,74.13
74.28,75.46,73.83,75.4,2787513,74.13
75.4,75.97,75.0,75.0,2641312,74.13
74.69,74.75,73.45,73.85,2647515,74.13
74.15,74.8,73.95,74.8,1930654,74.13
75.17,75.52,73.91,73.91,2836095,77.88
74.32,74.68,73.55,73.83,1970561,77.88
74.0,74.63,73.39,74.41,2201042,77.88
74.52,75.14,74.27,74.36,2366121,77.88
74.13,74.95,73.62,74.82,1678154,77.88
74.53,75.28,74.25,75.24,1825682,77.88
75.56,77.0,75.5,76.92,2523071,77.88
77.03,77.6,76.92,77.41,2000048,77.88
77.29,77.835,76.87,77.57,2565710,77.88
77.98,78.46,77.39,78.35,1878456,77.88
78.38,78.43,77.63,78.3,1752106,76.07
78.26,78.4,77.63,78.02,1645569,76.07
78.0,78.12,77.465,77.93,1789769,76.07
78.08,78.37,77.865,78.26,1959257,76.07
77.88,78.17,76.52,76.6,6131312,76.07
75.87,77.27,75.86,76.81,2578496,76.07
77.16,77.22,75.81,76.18,2801666,76.07
76.34,76.8,76.13,76.49,2487340,76.07
75.83,76.005,74.065,74.3,3844648,76.07
74.3,74.74,73.33,73.88,3306172,76.07
74.2,74.324,73.225,73.41,3397367,76.93
74.0,74.73,73.84,74.54,2040600,76.93
74.18,75.04,74.1,74.88,2482818,76.93
73.79,76.14,72.42,75.97,4038807,76.93
76.07,76.45,75.55,75.85,2017406,76.93
76.1,76.98,75.91,76.67,2686667,76.93
76.835,77.0,76.13,76.6,2986577,76.93
76.86,76.92,76.31,76.61,1796319,76.93
75.76,76.36,75.52,76.25,2077949,76.93
76.14,76.62,75.9,76.55,1950747,76.93
76.76,76.95,75.93,76.21,1975596,78.66
75.56,77.12,75.5,77.01,3406072,78.66
76.97,77.94,76.81,77.78,2533852,78.66
77.0,77.37,76.17,77.23,2985208,78.66
76.93,77.06,75.23,75.24,2930740,78.66
76.0,77.56,75.605,77.49,3439799,78.66
76.79,77.23,76.42,76.7,3185116,78.66
76.99,77.15,75.48,75.57,3528100,78.66
75.02,75.39,74.205,74.74,5587899,78.66
75.0,75.13,74.19,74.94,2324161,78.66
75.29,77.2,75.01,76.3,3279067,80.06
76.43,77.91,76.43,77.81,3654835,80.06
78.0,79.66,77.88,79.33,3472781,80.06
78.61,79.38,78.46,78.66,2683480,80.06
78.66,81.45,78.63,81.13,3947964,80.06
80.92,81.44,80.03,81.44,3334321,80.06
81.44,82.18,79.71,79.77,3600978,80.06
80.15,80.77,79.335,79.49,3432576,80.06
80.08,80.29,79.24,79.5,3486056,80.06
79.4,79.85,78.74,78.82,4917796,80.06
78.87,79.35,78.74,79.05,2567784,83.27
79.13,80.0,79.0,80.0,3088533,83.27
79.7401,80.77,79.69,80.09,2155461,83.27
80.34,81.48,80.15,80.48,2193646,83.27
80.06,80.69,79.85,79.92,1739587,83.27
79.91,80.63,79.86,80.55,2265006,83.27
80.5,80.94,79.815,80.76,2382819,83.27
80.56,81.52,79.29,80.61,2528731,83.27
80.7,82.24,80.5,82.24,2567982,83.27
82.94,83.82,82.33,82.53,3026247,83.27
82.65,83.33,82.12,82.9,2675999,80.64
82.97,84.225,82.2,82.52,3090060,80.64
81.76,82.75,81.1,82.52,2742775,80.64
82.04,82.39,80.78,82.22,2206926,80.64
83.27,83.44,82.76,83.09,2105299,80.64
82.52,83.37,82.35,82.95,2457826,80.64
83.02,83.4,82.78,82.84,2195554,80.64
82.25,83.5,82.0,82.11,3134966,80.64
82.48,82.61,81.6,82.1,2019011,80.64
82.0,82.29,80.94,81.25,3340511,80.64
81.25,81.25,79.37,79.58,2433400,80.05
79.74,80.05,78.77,79.55,2721559,80.05
80.84,80.95,80.06,80.9,2916634,80.05
81.28,81.59,80.6,81.55,2127510,80.05
80.64,81.6,80.36,80.41,1972249,80.05
80.84,81.0,79.65,79.71,1462595,80.05
79.89,81.38,79.44,81.08,2150462,80.05
80.91,81.65,80.325,80.55,1367384,80.05
81.28,82.95,81.11,82.45,2473330,80.05
82.64,83.3,82.14,82.93,1862586,80.05
82.87,83.03,81.82,81.83,1876335,74.22
81.11,81.51,79.37,79.52,2886852,74.22
79.69,79.92,78.78,79.4,4555053,74.22
79.06,79.87,78.85,79.16,2518387,74.22
80.05,80.17,79.25,79.66,2899300,74.22
80.48,80.48,79.43,79.56,3066592,74.22
80.22,80.92,79.84,80.22,4071210,74.22
71.8,72.25,69.0,71.96,28284386,74.22
72.14,73.51,72.0,72.1,6396495,74.22
71.73,72.45,71.39,72.12,4685505,74.22
71.88,73.0,71.88,72.68,2908587,74.59
73.25,74.09,73.001,73.64,3125448,74.59
74.01,74.86,73.76,74.47,4585314,74.59
74.86,74.98,73.84,74.1,4339977,74.59
74.22,74.5,73.73,74.35,3547180,74.59
75.0,75.58,74.89,75.2,4099120,74.59
75.5,75.74,74.96,75.52,3509692,74.59
75.81,76.29,75.35,76.25,2247474,74.59
75.98,76.62,74.68,75.29,3676703,74.59
75.76,75.77,74.97,75.16,3336475,74.59
75.05,75.98,75.01,75.44,2646943,73.07
75.56,75.56,74.54,75.22,4107795,73.07
75.83,75.895,74.88,75.0,2697565,73.07
75.14,75.19,74.23,74.25,2494974,73.07
74.59,74.95,73.51,73.72,2318215,73.07
73.5,73.9802,73.02,73.14,3260980,73.07
73.14,73.15,72.16,73.12,3393168,73.07
72.84,72.84,72.15,72.37,3101649,73.07
73.36,73.92,72.55,73.74,3977051,73.07
73.69,74.83,73.47,73.81,3839580,73.07
74.21,74.97,73.75,74.85,2972138,72.12
74.34,74.645,74.0,74.59,4015236,72.12
74.39,74.78,74.1,74.23,2556028,72.12
74.01,74.5,73.19,73.25,3261554,72.12
73.07,73.4,72.57,73.0,2584245,72.12
72.81,73.6,72.62,72.98,3151647,72.12
73.03,73.905,73.03,73.53,3196274,72.12
72.99,73.7,72.58,72.79,2944287,72.12
73.0,73.18,72.61,72.88,2769528,72.12
72.71,72.87,71.39,71.5,4341186,72.12
70.67,71.96,70.5,71.53,3651335,73.0
71.37,71.87,71.17,71.65,3396313,73.0
71.63,72.37,71.4,71.67,3138371,73.0
71.68,72.65,71.4,72.16,3080697,73.0
72.12,73.265,71.98,72.81,3539838,73.0
72.84,74.5,72.79,74.1,3467201,73.0
74.54,74.6499,73.66,74.01,2837171,73.0
73.88,74.56,73.715,73.73,2011865,73.0
72.92,73.23,72.109,72.24,2836739,73.0
72.35,72.77,72.0,72.45,2002760,73.0
72.32,73.22,72.14,72.72,1828073,78.05
72.77,72.8675,71.77,72.25,2709871,78.05
72.72,73.535,72.67,73.08,3186029,78.05
73.08,73.33,72.53,73.05,2079370,78.05
73.0,74.26,73.0,74.0,2390834,78.05
74.12,74.6,73.15,73.21,2984719,78.05
73.5,73.75,73.26,73.58,2831042,78.05
74.0,74.94,73.94,74.74,2017484,78.05
74.76,75.66,74.71,75.0,3266103,78.05
74.99,75.23,74.08,74.16,3104478,78.05
74.5,74.73,74.02,74.5,2328702,73.37
75.34,76.51,75.34,76.34,3262383,73.37
76.27,76.878,75.98,76.61,2549122,73.37
76.74,78.0565,76.3427,77.79,2761138,73.37
78.05,78.33,77.46,77.55,2837857,73.37
77.6,78.34,77.23,77.32,4287653,73.37
77.1,77.5,76.29,76.36,2870589,73.37
76.29,76.65,74.75,75.14,5124447,73.37
75.44,76.325,75.0,76.12,3259768,73.37
76.5,76.73,75.62,75.87,5006824,73.37
74.5,74.65,72.36,74.09,8860556,71.81
74.06,74.19,73.5,73.64,5534426,71.81
73.54,74.52,73.31,73.82,2529355,71.81
73.38,73.7,73.01,73.51,2512109,71.81
73.37,73.6,73.01,73.14,2760902,71.81
73.33,73.815,72.99,73.26,2241257,71.81
72.51,73.47,72.31,72.35,2966305,71.81
72.51,72.92,70.73,71.09,5099783,71.81
70.58,70.75,69.78,70.28,5006144,71.81
70.99,71.435,70.81,71.26,3247198,71.81
71.56,72.75,71.35,72.71,2747842,74.24
72.17,72.83,71.95,72.66,1734032,74.24
72.26,72.52,71.56,71.6,2267849,74.24
72.01,72.67,71.83,72.43,2421455,74.24
71.81,72.91,71.56,72.85,2998332,74.24
72.95,73.11,72.31,72.88,4100636,74.24
73.03,73.6,72.85,73.53,3067197,74.24
73.62,74.16,73.2714,73.95,2990792,74.24
73.65,73.91,73.27,73.78,2711509,74.24
73.74,73.97,73.35,73.5,3761207,74.24
73.5,73.76,73.3,73.61,2564861,76.81
73.6,74.44,73.44,74.32,2868942,76.81
74.45,74.95,74.3,74.91,2780731,76.81
74.78,75.26,74.21,74.25,2835045,76.81
74.24,74.37,73.5,73.5,2773614,76.81
73.89,74.16,72.915,73.0,3300712,76.81
73.1,73.23,72.54,72.71,2942749,76.81
72.79,73.75,72.33,73.36,2834823,76.81
73.44,75.23,73.43,75.04,4268935,76.81
74.37,76.28,74.37,75.55,4435750,76.81
75.39,75.99,75.02,75.24,2909382,77.75
75.15,75.7125,75.0,75.49,1778181,77.75
75.44,76.6,75.31,76.3,4196916,77.75
76.24,77.57,75.56,77.41,3826759,77.75
76.81,77.58,76.28,77.06,3943474,77.75
77.47,78.51,77.41,78.02,6371012,77.75
78.02,79.45,77.96,78.52,3836556,77.75
78.64,79.24,78.4,78.47,2720571,77.75
78.47,79.3,77.86,78.16,2447558,77.75
78.36,78.72,77.88,78.43,2207679,77.75
78.49,78.53,77.65,77.84,2175197,74.27
77.82,77.96,77.05,77.21,1863228,74.27
77.38,77.96,77.26,77.37,2002776,74.27
77.41,78.01,77.21,77.61,1755168,74.27
77.75,78.25,77.34,77.47,1560572,74.27
77.42,77.643,76.15,76.33,2489339,74.27
76.33,77.24,76.03,77.09,2138840,74.27
75.5,76.3499,75.14,76.07,3550471,74.27
76.14,76.29,75.63,75.79,2197281,74.27
75.97,76.225,75.17,75.53,3259396,74.27
75.64,75.98,75.01,75.13,2434446,81.71
75.11,75.69,74.37,75.41,2350702,81.71
75.51,76.0,74.28,74.4,3000832,81.71
74.42,74.87,74.04,74.08,3266318,81.71
74.27,74.62,73.79,73.94,2841420,81.71
74.09,74.86,74.09,74.62,4172108,81.71
74.53,74.79,73.96,74.0,4086993,81.71
74.15,75.8,74.15,75.62,6325591,81.71
77.52,79.95,77.49,79.51,10933187,81.71
79.72,80.98,79.6,80.55,6783293,81.71
80.51,81.7,79.98,81.55,4405693,80.78
80.86,81.39,80.65,81.31,1564690,80.78
81.47,82.53,81.23,82.15,2399183,80.78
82.46,83.45,82.43,82.51,2466209,80.78
81.71,82.2,80.68,82.06,2551888,80.78
81.68,82.46,81.48,82.22,2113761,80.78
81.5,81.92,81.09,81.13,2405384,80.78
81.21,81.82,81.09,81.4,1812566,80.78
81.31,81.5,80.44,80.54,2312283,80.78
80.84,81.94,80.66,81.52,3368387,80.78
81.29,82.2,81.25,82.15,4217448,81.27
82.02,83.05,82.0,82.95,4054242,81.27
82.75,83.22,82.39,83.2,4369463,81.27
82.71,82.74,80.8,81.06,3941523,81.27
80.78,82.25,80.71,81.95,3288647,81.27
82.09,84.31,81.61,84.22,4284908,81.27
83.54,84.26,83.14,84.12,4183539,81.27
83.64,84.9,83.63,84.43,3762200,81.27
84.22,85.04,83.86,84.93,3031250,81.27
84.46,85.88,84.46,85.4,3564057,81.27
84.81,85.07,83.5,83.92,4147473,80.84
83.29,83.3,81.17,81.18,3384290,80.84
81.34,81.9,80.18,81.15,2640267,80.84
81.73,81.91,80.93,81.3,2995664,80.84
81.27,81.77,80.1301,80.32,2703516,80.84
81.05,81.34,80.19,80.72,2244657,80.84
80.0,80.38,78.82,79.88,3696808,80.84
80.02,80.68,77.66,78.09,3745076,80.84
78.39,78.51,77.9,78.08,2608155,80.84
77.87,78.53,77.42,77.57,3163163,80.84
77.87,78.74,77.79,78.52,2224827,82.4
78.81,80.73,78.67,80.58,3472470,82.4
80.19,80.58,79.78,79.97,2399941,82.4
80.53,80.89,80.15,80.55,2257890,82.4
80.84,81.84,80.84,81.21,2489254,82.4
80.86,81.98,80.63,81.74,1895048,82.4
81.73,82.4301,81.38,82.11,2025305,82.4
82.1,82.75,81.78,82.59,2013898,82.4
82.42,83.74,82.24,83.26,3801559,82.4
83.16,83.5862,82.94,83.38,2465314,82.4
83.6,84.19,83.53,83.8,2366605,83.01
83.71,84.75,83.61,83.95,1843118,83.01
84.0,84.0,82.97,83.41,2189669,83.01
83.76,83.8,83.11,83.4,1987581,83.01
82.4,83.69,81.94,83.36,2108035,83.01
83.31,83.81,82.73,83.35,2419995,83.01
82.56,82.745,81.78,82.5,1970579,83.01
83.42,84.63,83.36,83.98,2218002,83.01
83.94,84.21,83.48,84.11,1793921,83.01
84.24,84.36,83.59,83.8,1976399,83.01
84.32,84.69,83.6,83.93,1951817,80.11
83.82,84.271,83.44,84.04,1520844,80.11
84.32,84.595,83.38,83.55,1687344,80.11
83.16,83.31,82.59,82.75,2643286,80.11
83.01,83.02,81.87,82.09,2702255,80.11
81.98,82.47,81.32,81.38,2048809,80.11
81.97,83.43,81.73,83.39,2286576,80.11
83.69,84.12,83.33,83.79,2181101,80.11
83.57,83.82,81.9,82.63,1984530,80.11
82.5,83.1,81.806,83.06,1657264,80.11
83.44,83.69,82.63,82.83,4799094,78.57
83.32,83.82,81.61,82.0,2998472,78.57
82.61,83.75,82.59,83.52,2875945,78.57
84.0,84.12,82.97,82.97,3973202,78.57
80.11,80.29,76.25,78.8,14821341,78.57
79.55,79.96,78.47,78.81,7108670,78.57
79.18,79.86,78.25,79.72,4318128,78.57
79.6,79.67,78.97,79.54,3877434,78.57
79.29,80.15,79.06,79.99,3091801,78.57
79.79,80.0,78.05,79.35,3588598,78.57
79.59,79.69,78.06,78.14,4121337,79.09
77.6,78.99,77.49,78.88,4568356,79.09
78.47,79.05,78.18,78.29,3772570,79.09
77.66,78.55,77.28,78.48,3470745,79.09
78.57,78.73,76.77,76.83,3518380,79.09
76.46,77.63,76.362,77.09,4762208,79.09
77.47,78.64,76.88,77.82,3672913,79.09
78.07,78.95,77.42,78.92,3333443,79.09
79.54,79.99,78.9699,79.11,3771474,79.09
78.73,79.5,78.0,78.9,4428126,79.09
78.88,79.72,78.73,79.71,2423947,78.81
79.58,80.0,78.91,79.64,2187792,78.81
79.33,79.73,79.1,79.11,2014021,78.81
79.45,79.46,77.96,78.36,3378850,78.81
79.09,79.22,78.27,78.43,2666615,78.81
78.55,79.33,77.93,79.07,3552966,78.81
79.03,79.77,78.84,79.68,2315850,78.81
77.65,80.39,77.35,80.22,3446582,78.81
80.18,80.7,79.65,79.84,2387091,78.81
79.86,80.2,79.335,79.36,1797728,78.81
78.74,79.18,78.38,79.0,1913075,79.68
79.0,79.0,78.58,78.73,2188911,79.68
78.74,78.87,77.71,78.21,3421816,79.68
78.17,79.045,78.01,78.83,2607587,79.68
78.81,78.83,78.075,78.74,1801176,79.68
78.71,79.5,78.71,79.19,2835518,79.68
79.24,79.975,79.2,79.68,1380815,79.68
78.9,79.61,78.59,78.85,1705765,79.68
78.83,79.9,78.28,78.42,2790164,79.68
78.7,79.75,78.55,79.53,2575108,79.68
79.18,79.58,78.93,79.56,1727553,83.49
79.35,79.56,78.19,78.4,1797243,83.49
78.17,79.48,78.17,79.37,1578183,83.49
79.41,79.54,78.88,79.45,1309187,83.49
79.68,79.96,79.484,79.79,1199810,83.49
79.81,80.22,79.69,80.1,1834120,83.49
80.06,80.1475,79.46,79.58,1943166,83.49
79.93,80.46,79.45,80.42,1320799,83.49
80.46,81.49,80.27,81.45,2477402,83.49
81.1,81.74,81.09,81.27,1578127,83.49
81.21,82.0,81.1,81.87,2280389,82.89
81.87,83.73,81.4875,83.45,4565545,82.89
83.53,83.65,82.92,83.58,2313400,82.89
83.6,83.88,83.36,83.53,2429048,82.89
83.49,84.56,83.4,84.26,2092994,82.89
84.07,84.49,83.56,83.64,1889339,82.89
83.35,83.62,82.63,82.94,2402277,82.89
83.04,83.12,82.09,82.42,1928710,82.89
82.96,83.4,82.51,82.73,1624956,82.89
82.44,83.05,82.29,82.82,1806977,82.89
82.63,82.99,82.26,82.51,1735486,80.99
82.53,82.79,82.23,82.69,2702507,80.99
82.83,83.37,82.71,83.06,2352305,80.99
82.93,83.385,82.41,83.13,4154537,80.99
82.89,82.98,82.1601,82.67,2963990,80.99
82.7,82.98,82.26,82.44,2795760,80.99
82.31,83.53,82.17,83.06,3735939,80.99
82.95,83.145,79.766,81.53,7405984,80.99
81.09,81.8,80.975,81.35,4008666,80.99
81.1,81.6,80.75,80.84,3472880,80.99
81.09,81.62,80.91,81.25,2141584,80.0
81.0,81.49,80.65,81.06,2400485,80.0
81.26,81.69,81.22,81.55,1042859,80.0
81.12,81.32,80.77,81.05,2083541,80.0
80.99,81.26,80.81,81.11,1815618,80.0
81.15,81.48,80.53,80.64,2884051,80.0
80.08,80.42,79.7,79.77,2964981,80.0
79.88,80.11,79.545,79.77,2586663,80.0
80.16,80.32,79.26,79.46,2595752,80.0
79.36,79.86,79.0955,79.36,3195003,80.0
79.87,80.11,79.45,79.74,3423461,78.96
79.65,80.1,79.18,79.24,2107703,78.96
79.49,79.7856,78.85,79.74,2818871,78.96
79.85,80.2,79.39,79.8,1985783,78.96
80.0,80.67,79.99,80.29,2105652,78.96
80.4,80.78,80.192,80.59,2483734,78.96
80.33,80.9,80.23,80.69,2065630,78.96
80.32,80.83,80.12,80.38,1487599,78.96
80.18,80.92,79.97,80.65,1799243,78.96
80.59,80.96,80.46,80.57,2416897,78.96
80.6,80.87,80.15,80.49,1722522,79.94
79.91,80.66,79.22,79.28,2745846,79.94
78.97,79.49,78.5,79.35,2160919,79.94
78.97,79.49,78.5,79.35,2160919,79.94
78.96,79.27,78.04,78.45,2163250,79.94
77.26,78.14,76.87,77.84,3093604,79.94
78.31,78.59,77.34,77.5,2138060,79.94
77.72,78.92,77.38,78.87,2523045,79.94
78.96,79.52,78.61,78.96,2931570,79.94
78.89,79.25,78.33,78.57,2062519,79.94
78.99,79.25,78.52,78.99,2103668,81.55
79.19,79.27,78.88,79.27,1682441,81.55
79.48,79.929,78.6,79.01,2533813,81.55
79.41,79.98,79.33,79.81,1920659,81.55
79.94,80.5,79.65,80.32,1663003,81.55
80.32,80.49,79.88,80.4,1214461,81.55
80.66,81.03,80.42,80.82,1360147,81.55
80.6,80.82,80.4,80.51,1810177,81.55
81.04,81.6,80.875,80.98,1734717,81.55
81.3,81.99,81.2,81.62,2435719,81.55
81.46,81.58,80.76,80.98,1728010,80.07
80.59,81.8,80.33,81.02,1846100,80.07
81.32,81.32,80.52,81.06,1416617,80.07
80.95,81.49,80.91,81.12,1753960,80.07
81.55,81.96,81.3,81.86,2041282,80.07
82.14,82.16,81.52,81.76,2781111,80.07
81.7,82.0699,81.47,81.83,2276700,80.07
81.75,82.05,81.54,81.73,1880104,80.07
81.7,81.74,80.7,80.95,2173751,80.07
80.95,81.35,80.6964,81.21,1922591,80.07
81.06,81.53,80.82,81.51,1856166,81.18
81.3,81.56,80.58,80.97,2801760,81.18
80.99,81.15,80.45,80.6,1949214,81.18
79.84,80.47,79.175,80.09,4188438,81.18
80.07,80.21,79.35,79.68,3119240,81.18
80.08,80.71,79.79,80.46,3034414,81.18
80.64,80.84,79.645,79.93,4365705,81.18
79.92,79.92,79.07,79.22,3698515,81.18
79.22,79.605,78.9,79.6,4313473,81.18
77.95,80.43,77.5603,80.2,6875316,81.18
79.97,80.11,78.54,78.98,5547638,74.2
79.23,79.37,78.75,79.29,2912054,74.2
78.26,79.98,78.08,79.92,2967313,74.2
79.8,81.77,78.84,81.32,5449054,74.2
81.18,81.25,79.54,79.72,3785701,74.2
79.49,79.805,78.75,79.43,3046440,74.2
80.0,80.63,80.0,80.32,2588213,74.2
80.4,80.945,80.23,80.73,2475146,74.2
80.51,80.5625,78.8,78.81,2991445,74.2
78.41,80.08,78.39,79.84,4899635,74.2
79.94,80.01,78.12,78.19,3949057,79.47
78.41,78.82,76.8,76.84,3389525,79.47
76.84,77.32,76.25,76.29,3333687,79.47
76.64,77.15,75.98,76.17,6816814,79.47
74.2,76.19,73.98,75.85,4811119,79.47
74.93,76.6,74.6001,76.15,4648219,79.47
76.83,76.98,76.32,76.62,2737969,79.47
75.68,76.74,75.33,76.44,2457660,79.47
76.83,78.22,76.584,77.93,2382782,79.47
78.1,78.89,77.42,77.46,2421616,79.47
78.22,78.48,77.69,78.08,1976710,83.83
78.1,79.07,78.07,78.35,2313967,83.83
78.03,79.421,77.94,79.02,3383317,83.83
79.28,79.48,79.0,79.47,2465438,83.83
79.47,79.95,79.0,79.55,2432818,83.83
83.83,84.22,83.57,84.12,1929625,83.83
81.08,81.42,80.94,81.12,3089706,83.83
81.03,81.37,80.67,80.97,2306760,83.83
80.89,81.29,80.78,81.15,2371329,83.83
81.5,82.5,81.35,82.48,3201712,83.83
82.19,83.31,82.108,83.24,2606915,85.28
83.24,83.75,82.72,83.48,2504938,85.28
83.16,84.35,83.16,84.16,2444461,85.28
84.13,84.5,83.775,83.94,1650316,85.28
83.83,84.22,83.57,84.12,1929625,85.28
84.03,84.78,83.8,84.44,2337166,85.28
84.27,84.739,84.05,84.64,2777205,85.28
84.43,84.79,84.13,84.65,1890166,85.28
84.65,84.77,84.08,84.3,2715543,85.28
84.06,84.2,83.46,83.64,2117367,85.28
83.48,83.91,83.16,83.44,1573443,84.38
84.32,84.37,83.71,84.08,2204344,84.38
83.99,85.0,83.99,84.93,2003186,84.38
84.8,85.38,84.78,85.32,3475163,84.38
85.28,85.29,84.81,85.15,1930137,84.38
85.29,86.49,85.19,86.33,1725067,84.38
85.88,87.08,85.61,86.0,2743585,84.38
85.85,86.22,85.25,85.98,2504291,84.38
86.4,86.6,85.78,86.52,1728442,84.38
86.41,86.56,85.93,86.34,1724428,84.38
86.31,86.49,86.08,86.19,2229918,91.4
84.17,85.22,83.99,85.18,1653414,91.4
84.17,85.22,83.99,85.18,1657711,91.4
85.2,85.31,83.62,83.73,1973190,91.4
84.38,85.43,83.68,83.88,2369316,91.4
83.41,83.47,81.86,81.9,2784774,91.4
82.13,82.85,81.69,81.88,3161612,91.4
82.0,84.215,81.66,82.87,4386544,91.4
83.0,85.31,82.85,85.3,5080980,91.4
88.12,90.99,87.79,89.74,8918390,91.4
90.15,91.36,89.64,90.51,6480572,89.11
90.08,91.25,89.77,91.18,2993636,89.11
91.35,91.75,90.7,91.42,2148450,89.11
91.48,91.94,91.31,91.32,914865,89.11
91.4,91.72,91.18,91.26,1193957,89.11
90.9,91.05,90.24,90.52,1994819,89.11
90.5,90.84,89.99,90.19,1721895,89.11
90.18,90.48,89.29,89.31,1761251,89.11
89.67,90.09,88.43,88.84,2021565,89.11
88.04,88.32,87.18,87.34,2998923,89.11
87.5,87.77,86.01,86.71,2867550,87.95
87.16,88.75,87.16,88.53,2865541,87.95
89.0,90.15,88.84,89.88,2807888,87.95
89.95,90.15,89.38,89.78,2399918,87.95
89.11,90.0201,88.91,89.51,2418523,87.95
89.77,91.34,89.15,89.83,4009506,87.95
89.54,89.54,88.0,88.78,2377914,87.95
89.01,89.1,87.67,88.17,1824431,87.95
87.75,89.01,87.55,88.89,2657392,87.95
88.89,89.42,87.92,88.62,2335335,87.95
88.35,88.63,87.73,88.34,2040751,87.74
88.72,89.56,87.95,89.5,2656855,87.74
89.51,89.92,89.14,89.22,1940730,87.74
89.04,89.2,88.24,89.08,1997695,87.74
87.95,88.32,86.0,86.16,3689037,87.74
86.93,87.12,84.33,84.36,3469070,87.74
84.95,85.7,83.94,85.64,3590586,87.74
85.12,85.44,83.86,84.03,3837548,87.74
84.42,85.85,83.47,85.83,3088515,87.74
86.25,87.96,85.97,87.92,3501305,87.74
89.18,89.18,87.165,87.34,2764092,90.64
88.11,88.54,87.34,88.47,2102529,90.64
88.6,89.1,87.84,88.15,2386506,90.64
87.51,88.23,87.1,87.36,2670455,90.64
87.74,87.91,86.68,87.52,2573782,90.64
87.52,88.17,87.25,87.96,1829790,90.64
88.06,89.22,87.98,89.09,1931324,90.64
89.09,89.8,89.08,89.79,1774397,90.64
89.63,89.79,88.825,89.3,1915989,90.64
89.0,89.515,88.86,89.43,1509467,90.64
89.53,90.38,89.37,90.27,1751661,88.29
90.02,90.98,89.31,90.49,2950629,88.29
90.6,90.79,90.13,90.57,1579045,88.29
90.17,90.995,89.89,90.85,1592032,88.29
90.64,91.44,90.33,90.6,1732915,88.29
90.82,91.23,90.0,90.3,2156791,88.29
90.05,90.76,89.86,90.03,1686052,88.29
89.76,91.24,89.73,91.18,1974960,88.29
91.18,91.27,90.55,90.84,2888328,88.29
90.83,91.2,90.06,90.91,2728849,88.29
91.31,92.18,91.18,92.05,3019572,89.41
91.62,91.95,90.49,90.67,3735001,89.41
90.73,90.96,90.14,90.79,1464248,89.41
89.96,90.21,88.05,88.06,3230953,89.41
88.29,88.9,86.76,86.86,4320442,89.41
87.03,88.3,86.86,88.2,2165238,89.41
88.18,88.21,86.4,87.87,3617194,89.41
88.32,89.1,88.14,88.91,2245954,89.41
88.35,88.88,88.21,88.84,2210911,89.41
88.8,91.3499,88.365,90.93,2664857,89.41
90.89,91.34,89.99,90.19,2658467,95.4
90.89,91.65,90.51,91.48,3558190,95.4
91.38,91.775,91.21,91.54,1916215,95.4
91.49,91.49,89.28,89.41,2948550,95.4
89.41,89.95,88.18,88.21,3607111,95.4
91.51,94.98,90.94,94.17,7156977,95.4
93.92,94.14,92.65,93.94,4352015,95.4
94.15,94.84,93.94,94.42,3333089,95.4
94.01,94.49,93.55,93.69,2708639,95.4
93.56,93.93,92.68,93.56,2737163,95.4
93.7,94.42,93.1,94.18,2145674,93.38
93.46,96.0,93.13,95.69,2563700,93.38
95.64,96.78,95.14,96.39,4233017,93.38
95.46,96.16,94.66,95.12,2652113,93.38
95.4,95.66,94.68,95.47,1952209,93.38
95.45,95.47,94.53,94.69,2158015,93.38
94.34,94.88,93.44,93.49,2443882,93.38
93.57,94.22,93.22,93.81,2087008,93.38
94.27,94.5,94.01,94.16,2094737,93.38
93.91,94.22,93.67,94.06,1934824,93.38
93.29,93.41,92.16,92.39,2647838,92.93
92.99,93.56,92.62,93.27,3294388,92.93
93.91,94.0,92.865,93.0,1949793,92.93
93.34,93.63,92.755,93.38,1896224,92.93
93.38,94.27,92.85,93.84,2165463,92.93
93.29,93.82,92.64,93.4,2250827,92.93
94.03,94.4,93.53,93.76,2156362,92.93
93.6,94.49,92.74,94.42,1976294,92.93
94.25,94.41,92.91,93.65,1701872,92.93
93.23,93.86,92.13,92.65,1804775,92.93
93.32,93.67,92.7,93.36,1852249,96.78
93.84,94.96,93.76,94.44,1991255,96.78
94.44,94.74,93.44,93.65,1769045,96.78
93.66,93.97,92.59,93.0,2386607,96.78
92.93,94.83,92.74,94.49,2466589,96.78
95.57,96.29,94.99,95.89,2411688,96.78
95.5,96.44,95.41,96.01,2838455,96.78
95.31,95.62,94.45,95.42,2065084,96.78
95.6,96.1,95.08,95.68,1785111,96.78
96.14,97.0,96.06,96.98,1504599,96.78
96.83,97.24,96.46,97.02,2578608,95.91
96.61,97.74,96.61,97.46,2111687,95.91
97.71,97.95,96.92,97.18,1672837,95.91
97.33,97.78,96.689,97.05,1441862,95.91
96.78,97.05,96.29,96.83,1677792,95.91
96.5,96.69,95.915,96.39,2083030,95.91
96.87,97.17,95.7401,96.09,2397376,95.91
96.31,96.95,95.94,96.77,1513593,95.91
96.7,97.02,96.08,96.91,1202657,95.91
96.78,96.97,95.795,96.04,1713759,95.91
96.18,96.6,95.61,96.19,1422131,96.98
95.96,96.848,95.62,96.33,1152326,96.98
96.77,97.27,96.35,96.98,1322934,96.98
96.08,96.79,95.69,95.93,1535068,96.98
95.91,96.06,94.835,95.4,1753878,96.98
95.16,95.4,94.67,94.77,1450598,96.98
95.26,95.4,94.25,94.94,1284827,96.98
95.3,96.92,95.19,96.52,2131096,96.98
96.66,97.18,96.55,96.92,1857597,96.98
96.31,96.7,95.93,96.1,2034662,96.98
95.09,95.95,94.69,95.79,1961533,96.44
95.88,96.926,95.61,96.7,1675336,96.44
96.99,97.31,96.03,96.93,1839895,96.44
97.06,97.7,96.79,97.31,2004051,96.44
96.98,97.66,96.79,97.02,2353889,96.44
97.63,99.06,97.54,98.59,3082833,96.44
99.04,99.435,97.73,98.25,2513631,96.44
98.01,98.4,96.79,97.77,2532961,96.44
100.205,100.47,99.16,99.48,5103246,96.44
99.97,100.35,98.52,99.0,4990415,96.44
98.14,99.07,96.54,96.68,3025007,100.7
97.69,97.69,96.57,96.78,2572557,100.7
97.74,98.79,97.31,98.06,2259473,100.7
98.29,98.72,96.51,97.33,2456720,100.7
96.44,97.58,96.31,97.34,1817912,100.7
97.8,99.1,96.65,98.68,3090056,100.7
99.45,99.45,96.95,97.62,2623315,100.7
98.8,99.09,97.65,97.75,2734880,100.7
98.73,99.28,98.03,98.78,2536158,100.7
99.35,100.765,99.09,100.55,3488890,100.7
100.01,100.87,99.73,100.74,2394930,103.17
100.56,100.71,99.65,99.95,1858586,103.17
100.55,101.62,100.55,101.45,1859196,103.17
101.56,101.56,100.17,100.48,1544773,103.17
100.7,101.19,100.33,100.72,1579315,103.17
100.37,101.22,100.2,100.39,1534386,103.17
100.31,102.5,100.2507,102.33,2775882,103.17
102.5,103.31,102.17,102.42,2308125,103.17
102.17,102.8,100.88,101.17,2114999,103.17
100.66,101.01,100.04,100.39,1871573,103.17
100.91,101.76,100.45,101.69,1708434,103.33
101.69,102.71,101.52,102.45,2071718,103.33
102.06,102.99,101.61,102.66,1448084,103.33
103.0,103.99,102.93,103.11,2402146,103.33
103.17,103.78,102.385,103.21,2178411,103.33
103.21,104.6,103.11,103.42,2141286,103.33
105.0,105.33,104.13,104.5,2569870,103.33
104.3,104.855,103.0,103.1,1644171,103.33
103.03,103.83,102.63,103.74,1761581,103.33
104.31,105.37,104.14,105.2,1763819,103.33
104.79,104.95,103.41,103.58,1940018,95.21
102.78,103.85,102.34,103.77,2386127,95.21
104.04,104.09,102.665,103.39,2358240,95.21
103.0,103.53,102.42,103.45,2055570,95.21
103.33,103.54,102.43,103.48,1875456,95.21
103.64,104.085,103.1,103.86,1952980,95.21
104.03,104.16,102.52,102.87,2082112,95.21
102.18,103.66,99.87,99.97,3459881,95.21
99.37,99.76,97.09,97.13,3360583,95.21
91.34,95.8999,88.43,92.67,5216496,95.21
95.42,95.76,92.05,92.14,4313246,97.0
94.33,95.27,92.4,95.04,3998876,97.0
96.21,96.5,93.96,95.73,3993105,97.0
95.36,96.135,94.92,95.85,3222820,97.0
95.21,95.655,94.19,94.27,2725377,97.0
91.88,93.5,91.68,92.29,3869409,97.0
93.59,94.45,92.32,94.43,2539296,97.0
95.01,95.94,94.66,95.61,2816148,97.0
94.31,95.12,93.68,94.45,3421382,97.0
96.27,97.34,96.01,97.12,2508154,97.0
97.42,97.85,95.33,95.52,2099722,96.09
95.39,97.36,95.36,96.81,3342070,96.09
96.59,97.448,96.0,97.35,1983394,96.09
97.41,97.5,96.4,96.51,2002466,96.09
97.0,98.62,96.14,98.24,2090803,96.09
98.22,99.35,98.06,98.96,1742087,96.09
98.96,99.94,98.35,98.53,2397524,96.09
94.79,98.51,94.79,97.53,3629550,96.09
98.05,99.13,97.66,98.43,2346721,96.09
97.13,97.83,96.15,97.67,2920518,96.09
97.82,98.36,97.32,97.86,2816461,103.0
95.77,98.0,95.67,97.77,4054561,103.0
98.36,98.41,96.37,96.94,3413410,103.0
96.53,97.32,95.8,95.95,3025491,103.0
96.09,96.775,95.53,96.6,3371595,103.0
97.64,98.38,97.352,98.26,3704116,103.0
98.47,99.0,97.05,98.44,3222708,103.0
97.08,99.42,96.31,99.39,2610200,103.0
99.97,101.81,99.94,101.62,2228226,103.0
101.5,101.95,100.89,101.5,2460834,103.0
102.0,102.63,101.28,102.62,1955802,107.55
102.51,105.27,102.19,105.01,3450828,107.55
105.11,106.4813,104.67,104.78,3835738,107.55
104.69,105.22,104.61,105.05,2356728,107.55
103.0,104.62,102.73,103.48,2585608,107.55
102.22,102.95,101.2,102.43,2421141,107.55
103.05,103.05,102.145,102.3,2738312,107.55
103.0,103.01,102.18,103.01,2190492,107.55
102.78,103.32,102.59,103.1,2022762,107.55
103.34,103.64,102.84,103.47,2817870,107.55
103.97,104.42,102.4,102.52,1964609,104.58
102.9,106.61,102.9,106.46,2483489,104.58
107.3,108.23,106.27,107.99,2972631,104.58
107.87,108.44,107.4,107.97,1480012,104.58
107.55,108.21,107.29,107.87,1792656,104.58
107.89,109.86,107.4,109.73,2910837,104.58
109.07,109.38,107.482,107.95,2484340,104.58
108.05,108.39,107.2,107.2,2529199,104.58
107.08,107.93,107.08,107.6,2484602,104.58
107.03,107.69,106.88,107.31,2443270,104.58
107.33,107.33,106.46,106.52,2625804,107.39
106.52,106.96,105.91,106.09,1842233,107.39
105.32,106.25,105.09,106.0,2205745,107.39
105.23,105.7292,104.55,104.88,2174141,107.39
104.58,105.2,104.5,105.07,1580864,107.39
105.3,105.61,105.04,105.1,1810224,107.39
104.82,105.23,104.16,104.32,1830696,107.39
104.0,104.5,103.02,103.15,2039342,107.39
103.69,106.42,103.56,106.33,4147913,107.39
106.4,106.95,105.375,106.29,2898809,107.39
106.91,108.0,106.29,107.88,2438944,108.56
107.88,108.43,107.04,107.28,2527800,108.56
107.58,108.31,107.58,107.97,3405358,108.56
107.97,108.41,107.55,107.84,2238838,108.56
107.39,107.74,106.71,107.35,2547662,108.56
107.69,107.74,107.02,107.1,1789282,108.56
107.06,107.755,106.93,107.46,995734,108.56
107.58,107.79,107.1,107.22,2868775,108.56
107.29,108.25,107.22,108.13,2433923,108.56
107.91,108.648,107.51,107.59,1780279,108.56
107.54,108.17,105.37,105.93,2588317,104.06
106.29,109.26,106.25,109.1,1970356,104.06
109.13,109.65,108.24,108.94,1618739,104.06
107.47,109.24,107.3916,108.91,2293488,104.06
108.56,109.63,106.74,107.29,1995155,104.06
107.29,108.5,106.84,107.6,2313174,104.06
106.46,106.72,105.02,105.3,3066827,104.06
105.69,107.11,105.37,106.36,3071772,104.06
107.28,107.99,106.47,106.72,2859518,104.06
107.32,109.22,106.84,109.08,3146815,104.06
107.0,107.15,103.24,103.26,7181260,99.48
103.13,103.13,101.91,101.93,5473740,99.48
102.92,103.33,102.19,102.99,2176160,99.48
103.29,103.94,102.74,103.76,1815074,99.48
104.06,104.65,103.75,104.42,1491784,99.48
104.22,104.79,104.19,104.23,686248,99.48
103.64,104.2,103.4162,104.08,1400889,99.48
104.5,105.597,104.5,105.32,1563116,99.48
105.3,106.386,104.91,105.86,2047439,99.48
105.4,105.93,104.38,104.5,1987700,99.48
102.62,102.65,100.97,101.83,2817024,102.21
101.97,102.87,101.47,102.36,2408961,102.21
100.81,103.06,100.54,102.16,3134204,102.21
99.75,100.84,98.84,99.16,3194718,102.21
99.48,99.81,98.0,98.2,2330210,102.21
98.48,99.72,98.075,99.23,2734441,102.21
99.96,101.29,99.435,101.01,2811046,102.21
101.39,101.75,98.74,99.26,3160151,102.21
99.12,102.47,98.91,101.88,4285458,102.21
98.74,101.01,98.45,99.27,5184309,102.21
100.16,101.95,99.78,101.38,3478187,96.65
99.24,100.19,97.14,99.06,5245019,96.65
99.04,99.91,98.0,98.29,4499467,96.65
99.79,102.36,99.56,102.24,3609669,96.65
102.21,103.15,101.24,101.75,2962051,96.65
101.79,103.13,101.45,102.53,2925601,96.65
102.67,103.6,101.33,101.96,3044295,96.65
102.84,103.59,101.59,103.08,3378841,96.65
103.37,105.65,103.24,105.54,4878504,96.65
104.75,106.8,104.73,106.28,3693811,96.65
105.27,105.62,103.45,103.82,2992925,100.34
104.45,104.68,100.62,102.1,4535928,100.34
102.22,103.02,101.38,102.73,3875394,100.34
102.42,102.5881,98.58,98.97,3894459,100.34
96.65,96.65,93.35,95.07,6681731,100.34
94.01,95.08,91.4,93.32,6679491,100.34
94.43,95.74,94.131,94.21,4649117,100.34
92.54,93.92,92.25,93.43,4202794,100.34
94.43,95.0,93.99,94.7,3122497,100.34
96.24,97.09,95.48,96.91,3808270,100.34
97.74,99.91,97.73,99.01,3741673,101.75
99.62,101.12,98.31,98.52,2740777,101.75
98.31,99.02,97.93,98.95,3229426,101.75
100.158,100.59,99.58,100.35,2126278,101.75
100.34,100.68,99.55,99.65,2359061,101.75
98.65,99.62,97.92,99.55,2567838,101.75
99.96,100.93,99.16,100.91,2794525,101.75
101.48,102.1,100.95,101.12,2108002,101.75
100.68,101.73,100.14,100.26,2389528,101.75
101.38,103.45,101.0,103.45,2125536,101.75
103.48,103.48,101.98,102.66,2436007,107.72
102.45,102.85,101.18,102.8,2036237,107.72
103.09,103.55,102.57,103.18,1581873,107.72
102.44,102.56,101.5,102.4,1835624,107.72
101.75,102.94,101.36,102.62,2330599,107.72
102.93,103.42,102.62,103.4,2296742,107.72
103.64,104.4,102.1,103.58,2406897,107.72
104.49,105.8,104.16,105.68,2952712,107.72
105.1,106.7,104.97,106.32,2757854,107.72
106.06,107.29,105.4,107.07,2390970,107.72
107.24,107.9199,106.26,107.59,2332823,113.99
107.59,108.67,107.19,108.56,2876720,113.99
108.73,108.73,107.19,107.77,8616844,113.99
107.33,108.85,107.14,108.16,3472200,113.99
107.72,108.4299,107.29,107.83,2136170,113.99
107.38,108.36,107.21,107.66,3193264,113.99
108.79,114.435,108.68,114.3,6472689,113.99
114.43,115.46,113.68,114.17,4214744,113.99
113.5,115.47,113.45,115.26,4033829,113.99
115.4,116.51,115.03,115.37,3182300,113.99
115.1,116.0,115.0,115.4,2740603,115.5
114.76,116.52,114.7,116.35,2019197,115.5
116.08,116.2,114.92,115.5,2231897,115.5
114.49,115.145,113.9,114.13,2069676,115.5
113.99,114.95,113.74,114.67,2918856,115.5
113.73,114.02,111.79,112.1,3075910,115.5
112.92,113.23,111.85,112.83,1627345,115.5
112.94,114.0,112.8,113.1,2465365,115.5
113.33,114.5,112.916,114.4,2715537,115.5
113.87,115.02,113.47,114.96,4390457,115.5
115.0,115.27,114.14,114.75,2062235,112.26
114.76,115.31,114.34,114.82,2299687,112.26
114.27,115.68,113.95,115.59,2237540,112.26
115.61,115.83,114.38,115.1,1822998,112.26
115.5,116.178,115.09,115.54,2220911,112.26
115.33,116.1658,114.44,114.48,2327284,112.26
114.0,114.965,113.64,113.95,2634569,112.26
113.86,114.25,113.24,114.1,1805864,112.26
114.41,115.06,113.84,114.61,2177513,112.26
114.14,115.67,114.135,115.48,1990767,112.26
114.99,116.04,113.98,114.33,2028155,116.06
114.19,114.19,112.29,112.92,2451507,116.06
112.9,114.695,112.31,114.4,2293850,116.06
113.48,113.88,112.25,113.3,2031649,116.06
112.26,113.91,112.26,113.55,1822137,116.06
113.65,114.43,113.47,114.08,1704623,116.06
113.82,115.67,113.35,115.55,1917602,116.06
115.28,116.23,115.0,115.47,1452862,116.06
115.59,116.95,115.48,116.94,1622165,116.06
116.99,116.99,115.863,115.98,1582914,116.06
116.42,116.63,115.47,116.36,2114291,118.7
116.22,116.63,115.14,115.44,1803364,118.7
115.62,117.59,115.01,117.15,2609829,118.7
117.31,117.5,115.87,116.22,2136798,118.7
116.06,117.35,115.46,116.52,1367315,118.7
116.27,116.27,114.59,116.03,1752528,118.7
116.1,116.91,116.1,116.47,1538235,118.7
116.69,116.69,115.835,116.18,1256186,118.7
116.58,119.21,116.58,119.12,2066413,118.7
119.23,119.72,118.47,118.55,2123611,118.7
118.59,119.2,118.05,118.41,1435852,116.82
118.84,118.94,117.77,118.94,1317398,116.82
118.89,119.15,118.09,118.97,1955714,116.82
118.21,119.12,118.11,119.01,1202931,116.82
118.7,119.27,118.0,119.24,1605730,116.82
118.88,119.0,117.91,118.9,1196682,116.82
119.0,119.76,118.52,119.6,1202927,116.82
119.94,120.15,119.24,119.65,1317339,116.82
119.59,119.95,118.54,119.32,2072203,116.82
118.35,119.53,117.8,119.44,1197211,116.82
118.5,118.89,117.94,118.27,1452092,112.32
117.86,118.94,117.03,117.08,1992268,112.32
117.08,118.32,116.75,118.09,1425344,112.32
118.3,118.39,117.33,117.45,1453261,112.32
116.82,118.52,116.63,118.3,1569607,112.32
118.09,118.11,116.79,117.57,2216526,112.32
119.1,120.33,118.895,119.05,2092724,112.32
119.61,119.84,119.2,119.43,2040394,112.32
119.94,120.78,118.92,119.03,3275540,112.32
118.54,118.91,116.5,118.91,2858771,112.32
112.77,114.9,110.93,111.45,6814335,116.48
110.34,110.75,108.66,109.29,3648356,116.48
110.6,111.0,109.58,110.56,2873006,116.48
111.67,112.02,110.9,111.76,3603021,116.48
112.32,113.31,112.11,113.29,3682559,116.48
113.66,114.23,113.29,113.52,2195489,116.48
113.51,113.56,112.625,113.1,2041071,116.48
112.63,113.52,111.96,113.52,2667246,116.48
113.51,113.9,112.51,112.7,2050523,116.48
113.73,115.24,113.17,115.11,1962819,116.48
115.7,115.98,115.13,115.46,1523057,112.4
115.9,117.42,115.6,116.5,2435689,112.4
117.0,117.16,116.29,116.83,1537156,112.4
117.5,118.0,116.66,116.77,1502076,112.4
116.48,116.64,114.25,115.09,2749041,112.4
115.18,115.32,113.91,114.14,2390690,112.4
113.65,114.04,113.04,113.37,1826968,112.4
113.87,116.05,113.87,115.45,2665657,112.4
115.07,115.286,111.97,112.36,2482538,112.4
112.78,113.13,111.85,112.86,1982764,112.4
112.78,113.11,112.06,113.07,1834053,113.2
113.4,114.42,112.96,114.26,2796082,113.2
114.45,114.45,113.21,113.71,2275836,113.2
113.93,113.93,111.92,112.08,2224616,113.2
112.4,113.12,111.33,112.81,2678733,113.2
112.58,113.55,112.3,112.88,2235284,113.2
112.64,112.99,112.08,112.83,2120103,113.2
112.81,113.61,112.59,113.61,1601604,113.2
113.17,113.99,112.69,113.71,2215283,113.2
113.2,114.74,112.54,114.6,2746681,113.2
114.6,114.75,113.49,113.68,1481921,115.17
113.47,113.81,112.75,112.88,1820130,115.17
113.19,113.48,112.7701,113.22,1498624,115.17
113.53,113.99,113.38,113.39,1297603,115.17
113.2,113.55,112.67,113.03,1414708,115.17
113.0,114.11,112.75,113.6,2284399,115.17
113.1,113.26,112.34,112.98,1998463,115.17
113.09,113.7199,112.41,112.93,1566925,115.17
112.74,113.1325,111.92,112.35,2406432,115.17
112.21,113.15,111.73,113.05,1519042,115.17
112.73,113.85,112.36,113.76,1459186,110.22
113.94,115.9,113.64,115.48,2385087,110.22
115.47,115.72,114.27,114.57,2266773,110.22
114.24,115.26,113.67,115.04,1869256,110.22
115.17,116.2,114.54,115.2,1419341,110.22
115.08,115.56,114.35,114.85,1367742,110.22
114.98,115.55,114.73,115.35,1319021,110.22
114.93,115.38,114.48,115.0,1999417,110.22
114.75,115.5,114.04,115.06,1572686,110.22
115.5,116.26,115.2401,115.66,1539566,110.22
115.83,116.0,114.83,115.36,1479152,112.45
115.37,115.86,114.94,115.12,1485099,112.45
114.43,114.56,112.25,112.3,3078476,112.45
111.71,112.09,110.33,110.39,3282650,112.45
110.22,112.96,110.11,112.76,2370856,112.45
111.58,111.96,110.17,110.53,2483203,112.45
110.75,111.54,109.29,109.8,2328081,112.45
109.64,111.42,108.831,110.72,2905821,112.45
110.33,110.49,109.12,109.88,2604902,112.45
110.61,111.28,110.14,110.5,1785685,112.45
111.18,111.75,110.7,110.7,1995841,116.38
111.49,111.89,110.75,111.7,2466908,116.38
111.98,114.27,111.91,113.66,2596154,116.38
110.51,113.79,109.5,113.09,2265179,116.38
112.45,113.95,112.45,113.73,3224170,116.38
113.75,116.22,113.75,116.13,3134703,116.38
115.68,117.0625,115.37,116.65,3640306,116.38
120.56,124.96,120.35,121.64,7643380,116.38
121.78,123.03,121.78,122.17,4815794,116.38
121.59,122.47,120.64,120.86,3667521,116.38
121.18,121.44,117.755,118.24,3973660,116.02
118.49,118.71,117.51,118.21,2875146,116.02
118.21,118.81,117.68,118.52,2504502,116.02
118.52,118.635,115.93,116.0,3034302,116.02
116.38,117.98,116.38,117.46,2157553,116.02
117.38,117.44,116.21,116.97,2708225,116.02
117.41,117.97,116.71,117.62,2366466,116.02
117.08,118.5,116.03,118.11,3106637,116.02
118.46,119.16,117.86,118.25,2508485,116.02
118.25,118.25,116.75,116.85,1904916,116.02
117.7,118.26,117.35,117.53,2472902,118.11
116.71,117.51,116.13,116.82,2263239,118.11
116.6,117.14,115.96,116.05,2247838,118.11
115.95,116.0,114.91,115.59,1979120,118.11
116.02,116.5,115.48,115.8,1539785,118.11
115.54,115.87,114.95,115.27,1456836,118.11
114.79,115.9,114.51,115.45,1830897,118.11
115.65,116.11,115.2,115.46,1871613,118.11
115.85,116.58,115.03,115.67,1656236,118.11
115.63,116.56,115.47,116.24,1877768,118.11
116.5,116.7,115.455,116.14,2444386,118.7
116.14,119.2,116.0,118.61,5361141,118.7
118.13,118.5,116.66,116.95,2086406,118.7
117.04,118.1199,116.44,117.23,2068333,118.7
118.11,120.0,118.11,119.97,2311082,118.7
119.9,121.0,119.51,119.81,2118807,118.7
115.88,118.0,114.66,117.21,5797624,118.7
117.34,120.8,117.29,120.33,4357469,118.7
119.66,121.0,118.71,119.18,3201775,118.7
119.17,119.59,116.2,117.25,3622499,118.7
117.55,117.84,115.38,115.99,3119949,118.13
116.19,118.03,115.76,117.32,2147097,118.13
117.5,118.54,117.21,118.37,1313635,118.13
118.25,118.56,117.87,118.43,2123479,118.13
118.7,119.88,118.43,119.68,1694583,118.13
119.92,120.39,119.32,119.48,2251828,118.13
119.36,120.29,119.07,119.82,1966491,118.13
119.9,120.78,119.59,120.74,783672,118.13
120.53,121.39,120.09,120.76,2075644,118.13
120.74,121.525,120.37,120.94,1484017,118.13
121.01,121.14,119.43,119.43,2635490,124.04
119.5,120.05,117.12,117.66,2260397,124.04
117.63,118.25,116.17,117.29,1922836,124.04
117.86,118.58,117.29,117.72,2052296,124.04
118.13,118.89,117.73,118.41,1973602,124.04
118.65,121.65,118.45,121.57,2024090,124.04
121.67,122.39,121.27,121.74,1449505,124.04
121.33,123.455,120.86,123.31,2227331,124.04
122.86,123.79,122.6,123.61,1608712,124.04
123.8,125.72,123.68,125.4,2333210,124.04
125.25,125.65,123.43,123.65,2041315,116.98
123.45,125.28,123.26,124.55,1761439,116.98
124.58,125.16,122.44,123.0,4513962,116.98
123.23,124.44,123.16,123.65,2750436,116.98
124.04,124.27,123.01,124.1,3290845,116.98
118.55,119.98,117.6,117.9,6032468,116.98
118.06,118.63,117.01,117.79,2758497,116.98
117.4,118.21,117.11,117.48,1697312,116.98
117.36,118.48,117.21,117.55,1546608,116.98
118.0,118.0,116.09,116.61,1797685,116.98
116.98,117.98,116.51,117.01,1633892,115.88
117.56,117.95,116.59,117.13,1739750,115.88
117.38,117.81,115.82,116.46,2352157,115.88
116.91,117.8,116.43,116.74,2639772,115.88
116.98,117.14,114.95,114.99,3685380,115.88
114.99,116.74,114.34,116.3,4125269,115.88
116.14,116.3465,114.92,115.0,2550869,115.88
114.94,115.99,114.64,115.06,2550138,115.88
115.4,116.26,114.91,116.12,2845844,115.88
115.62,115.965,114.84,115.78,2110781,115.88
115.35,117.44,115.35,116.95,2666366,114.0
115.92,116.36,115.47,116.03,2374325,114.0
116.54,116.95,115.74,115.95,2262162,114.0
115.6,116.0,115.27,115.5,1647118,114.0
115.88,116.25,114.81,115.07,2781387,114.0
114.78,115.27,114.61,114.82,2319952,114.0
115.2,116.64,114.84,116.48,2810084,114.0
116.9,118.36,116.7,117.57,2905948,114.0
116.99,117.44,115.6244,115.93,2865071,114.0
116.2,116.435,115.07,115.35,2545180,114.0
115.32,115.33,113.41,114.63,2529715,120.51
113.97,114.0178,112.61,113.87,2338994,120.51
113.8,114.769,112.31,113.21,2471638,120.51
113.15,113.77,112.71,113.64,2450479,120.51
114.0,114.83,113.34,114.49,1664211,120.51
114.07,115.22,113.375,114.18,2019412,120.51
115.0,116.17,114.95,115.92,2538228,120.51
116.15,116.15,114.92,115.43,2373733,120.51
115.51,117.46,115.47,116.98,2117069,120.51
116.7,118.84,116.52,117.6,2183016,120.51
117.9,118.95,117.725,118.59,1988541,122.99
118.47,120.0,118.405,120.0,2559693,122.99
119.61,120.165,119.3,119.93,1951131,122.99
119.93,120.99,119.53,120.72,1966972,122.99
120.51,121.29,120.1,121.23,1904933,122.99
120.63,122.22,120.57,122.1,2117134,122.99
121.66,122.88,121.58,122.21,1557038,122.99
122.59,122.705,121.73,122.48,1439556,122.99
122.0,123.43,121.6,123.43,1447663,122.99
123.01,123.43,122.48,122.79,1679832,122.99
122.75,123.09,121.93,122.5,1745371,125.22
123.24,124.29,122.46,124.07,1879707,125.22
123.99,124.43,123.56,124.35,1896716,125.22
124.25,124.25,122.985,123.64,2122955,125.22
122.99,123.43,122.53,123.24,1814082,125.22
123.63,124.38,123.12,124.14,2705285,125.22
124.11,124.79,123.78,124.46,2168611,125.22
124.37,124.37,122.65,123.18,2338125,125.22
123.65,124.33,123.07,123.93,1931099,125.22
124.23,124.75,123.47,124.04,2233737,125.22
124.17,124.73,123.63,123.91,1627855,118.0
123.41,124.99,123.03,124.8,2087675,118.0
124.89,125.19,123.61,124.1,2182041,118.0
124.71,125.45,123.83,125.22,4603637,118.0
125.22,125.39,124.17,124.39,2257442,118.0
125.08,125.41,123.63,124.64,3219859,118.0
125.03,126.53,124.47,126.48,4288622,118.0
122.71,123.01,120.54,120.76,7116837,118.0
120.78,121.31,118.755,118.98,3949828,118.0
118.73,119.8,118.3,119.39,3122818,118.0
119.82,122.34,119.014,121.35,5516010,115.5
121.66,121.71,120.15,120.98,2438878,115.5
120.89,121.0,120.05,120.52,2030644,115.5
120.71,121.21,119.84,119.88,2102781,115.5
118.0,118.17,117.0,117.64,3918099,115.5
117.28,118.07,117.28,118.04,1690734,115.5
118.24,119.09,117.49,117.64,1902105,115.5
117.68,117.93,116.76,116.81,2049602,115.5
117.0,117.74,116.5,117.44,2408028,115.5
117.5,118.56,117.37,117.84,2308255,115.5
116.18,116.8,115.79,116.08,2295270,121.29
116.05,116.4,115.47,115.58,2087832,121.29
115.36,115.89,114.82,114.86,1838948,121.29
114.88,115.73,114.88,115.72,1168262,121.29
115.5,116.36,115.39,116.24,1978691,121.29
116.37,117.36,116.0,116.95,2185363,121.29
117.65,119.86,117.38,119.21,3743523,121.29
119.74,119.98,119.03,119.23,2639048,121.29
119.94,120.51,119.11,119.36,2106761,121.29
119.38,119.94,118.68,118.69,1947238,121.29
118.73,119.46,118.4,118.98,1581421,122.69
119.12,120.62,119.12,120.49,2008174,122.69
120.19,121.35,120.03,121.3,2476577,122.69
121.37,121.69,121.102,121.25,1931951,122.69
121.29,121.71,120.21,120.68,2697450,122.69
120.43,120.87,119.665,120.3,1762147,122.69
120.75,120.99,120.22,120.82,1557495,122.69
120.91,121.52,120.765,121.52,1716890,122.69
121.1,121.52,120.76,121.11,1522599,122.69
121.3,121.63,120.91,121.07,1094392,122.69
121.07,121.37,120.56,121.2,1343689,124.0
120.75,120.9,119.67,120.8,1835224,124.0
120.38,121.5,120.38,120.96,2362291,124.0
120.96,122.54,120.7601,122.25,1772747,124.0
122.69,123.31,122.22,123.14,2180617,124.0
122.2,123.07,120.34,120.44,2277902,124.0
120.86,121.03,119.41,120.4,1968786,124.0
121.01,121.21,120.19,120.98,2190103,124.0
121.6,122.84,121.22,122.71,1912490,124.0
122.86,123.07,121.8,122.15,1472731,124.0
120.43,122.15,120.3,121.95,2029654,127.8
122.75,123.56,122.2,123.1,1425580,127.8
122.94,123.11,122.52,122.89,1415082,127.8
122.61,123.97,122.35,123.77,1373030,127.8
124.0,124.6,123.525,124.47,2655586,127.8
124.93,125.29,123.86,125.29,1902558,127.8
125.37,125.98,124.891,125.74,1765967,127.8
126.0,126.98,125.4401,126.58,1949952,127.8
126.19,127.0,126.01,126.33,1513552,127.8
126.08,126.77,125.53,126.55,1640608,127.8
126.97,127.0,125.52,126.17,2128861,122.78
126.0,126.74,124.98,125.82,1929206,122.78
125.53,126.46,124.73,126.3,2355868,122.78
126.44,127.56,126.08,127.07,2434069,122.78
127.8,128.0,126.7,127.25,1861213,122.78
126.28,127.36,124.5,127.03,2196307,122.78
127.52,128.0,126.53,127.56,2965426,122.78
128.47,128.47,127.39,127.77,2122954,122.78
127.33,127.64,126.38,126.53,2356430,122.78
127.07,127.18,126.03,127.11,3257939,122.78
122.97,123.9,119.1,122.08,8691127,125.7
122.14,123.62,121.72,122.74,3817814,125.7
123.15,124.05,122.28,122.34,2622970,125.7
122.5,122.84,122.0,122.19,2215255,125.7
122.78,123.83,122.19,123.74,1727503,125.7
123.5,123.5,122.61,122.99,2687283,125.7
123.3,124.4,123.15,123.68,2290346,125.7
123.82,124.88,123.79,123.93,1236153,125.7
124.0,124.78,123.99,124.05,1328583,125.7
123.35,123.63,122.03,122.94,1938109,125.7
123.55,124.75,123.07,124.21,1889418,129.7
124.05,124.37,123.59,124.06,1301531,129.7
124.06,124.1,123.2,123.85,1379754,129.7
124.3,125.48,124.12,125.47,2017856,129.7
125.7,126.35,125.44,125.73,1713698,129.7
126.19,126.96,125.73,126.7,1752903,129.7
126.77,127.05,126.15,126.42,2005625,129.7
126.25,127.57,125.48,127.37,1641350,129.7
127.5,128.0,126.72,127.78,2275298,129.7
127.9,128.7599,127.65,128.54,1655339,129.7
128.54,128.955,128.01,128.85,1765383,129.22
128.27,128.5,127.59,128.01,1763242,129.22
128.25,129.31,127.68,128.95,1599954,129.22
129.0,129.61,128.735,129.51,1615311,129.22
129.7,129.7,127.42,128.16,2096970,129.22
127.98,128.53,127.31,128.4,1133850,129.22
128.5,129.16,128.19,128.82,1584354,129.22
130.06,130.67,129.54,130.2,1283185,129.22
129.7,129.84,128.53,128.62,1318478,129.22
129.22,130.28,127.99,130.02,3560416,129.22
130.06,130.67,129.54,130.2,1283185,128.47
129.83,130.35,129.38,129.68,952917,128.47
129.32,129.89,128.9401,129.13,1099492,128.47
129.01,129.78,128.92,129.62,1216883,128.47
129.22,129.78,128.19,128.24,1800865,128.47
128.67,128.71,128.12,128.2,1105546,128.47
128.88,129.87,128.63,129.69,1421557,128.47
129.41,129.8,128.74,129.38,1152464,128.47
129.66,130.49,129.4,130.03,1935454,128.47
129.88,130.03,127.56,127.59,1567187,128.47
127.73,128.29,127.27,127.44,1263534,134.41
127.49,128.31,127.26,128.17,1284472,134.41
128.56,129.47,127.99,129.31,959492,134.41
128.68,129.14,128.28,128.36,1543279,134.41
128.47,129.985,128.29,129.65,984907,134.41
129.32,129.78,129.18,129.39,1252413,134.41
129.71,129.9,129.02,129.24,999874,134.41
128.47,129.985,128.29,129.66,1170831,134.41
129.65,129.96,129.09,129.79,1149129,134.41
130.0,130.92,129.83,130.76,2003487,134.41
130.95,130.95,129.87,130.1,1528282,136.68
130.1,130.39,129.1,129.77,2443236,136.68
130.21,131.38,130.05,131.12,1549927,136.68
131.5,134.83,131.36,134.24,2094810,136.68
134.41,134.97,133.645,133.72,2178797,136.68
134.62,136.26,133.61,136.23,1667247,136.68
136.56,136.95,136.01,136.22,1658753,136.68
135.91,136.17,134.21,134.78,3078644,136.68
134.5,135.24,134.0,134.86,3290489,136.68
135.0,135.65,134.04,135.35,3713509,136.68
135.49,137.35,135.49,136.94,2496531,136.16
137.0,137.79,136.71,136.71,2379555,136.16
136.01,138.15,136.01,138.01,1997716,136.16
137.95,138.12,136.57,136.66,2006962,136.16
136.68,138.0,136.5,137.9,1918509,136.16
137.94,138.27,137.26,138.16,2463249,136.16
138.5,138.7,136.75,136.84,2911496,136.16
137.32,137.54,136.12,136.64,3885524,136.16
132.79,137.68,132.27,136.32,4246392,136.16
136.91,137.57,134.84,135.07,3311992,136.16
135.23,135.84,134.62,135.44,2667457,139.17
134.84,135.97,133.66,134.25,2535494,139.17
134.52,135.68,134.4594,135.16,2192962,139.17
135.5,136.37,135.27,136.22,1666067,139.17
136.16,136.97,135.7201,136.25,1275809,139.17
136.25,137.0,136.03,136.99,1012134,139.17
137.0,138.0,136.845,137.52,1804091,139.17
137.19,137.52,136.41,136.91,2648228,139.17
136.98,139.65,136.14,139.2,2872177,139.17
139.58,140.0,138.2,139.2,1687180,139.17
139.43,139.57,138.12,139.09,1453336,143.43
138.91,139.28,138.28,138.65,1446708,143.43
138.23,138.63,137.36,137.42,1585207,143.43
137.45,138.67,136.84,138.62,1351693,143.43
139.17,139.5,138.51,139.49,1368886,143.43
139.75,140.1705,139.05,139.33,1518189,143.43
139.34,139.43,138.05,138.91,1214963,143.43
139.0,141.24,138.66,141.22,2046649,143.43
141.58,142.91,141.34,141.97,1965835,143.43
142.64,143.61,141.99,143.28,2367616,143.43
143.39,143.78,142.13,143.29,2145253,146.39
143.18,143.29,142.155,142.36,2255297,146.39
142.26,143.19,141.47,142.96,2060109,146.39
142.5,143.78,141.93,143.43,1585225,146.39
143.43,144.69,143.1001,144.04,1336018,146.39
143.12,144.21,142.29,143.93,1488755,146.39
144.48,144.48,142.94,143.5,1284431,146.39
143.76,145.0,143.0,144.89,1208312,146.39
144.61,144.73,142.97,143.83,1288737,146.39
143.52,144.07,142.695,143.89,922497,146.39
143.61,144.28,143.16,143.92,1456203,147.5
143.41,145.5,142.77,144.96,1811893,147.5
144.41,145.0,143.675,144.26,1792821,147.5
144.96,147.28,144.6,147.04,2040100,147.5
146.39,146.79,144.75,145.45,2557132,147.5
145.37,146.85,144.88,146.57,1602599,147.5
147.0,148.47,146.41,148.01,1732024,147.5
147.85,148.325,147.03,147.11,1263667,147.5
148.17,148.17,146.8,147.63,601818,147.5
148.0,148.1,147.43,147.5,1352108,147.5
148.01,148.49,146.6468,148.04,1925904,153.7
148.56,148.56,145.23,146.95,1972967,153.7
147.0,148.6,146.8,148.01,2837114,153.7
147.7,148.36,145.745,146.57,1971617,153.7
147.5,147.97,146.08,147.15,2099765,153.7
147.24,148.48,146.785,147.67,1398938,153.7
147.74,148.4799,147.27,148.27,1363413,153.7
148.0,148.66,147.24,148.6,1526446,153.7
149.1,150.59,148.72,150.53,1735968,153.7
150.55,151.14,150.13,150.69,1983301,153.7
150.61,152.8,149.96,152.1,2318318,152.985
151.81,152.75,150.41,151.42,1596836,152.985
151.86,152.41,151.15,151.21,1612529,152.985
151.56,152.9,150.66,152.66,3498820,152.985
153.7,153.75,151.58,151.72,2277532,152.985
152.0,152.79,150.9901,152.22,2063928,152.985
152.43,152.87,151.62,151.75,3206177,152.985
156.09,158.44,153.91,154.2,4563593,152.985
155.49,156.0,153.8,153.89,1818619,152.985
153.14,153.47,152.46,152.99,1514425,152.985
153.24,153.765,152.83,153.32,1690434,160.13
153.46,153.905,152.99,153.57,1124287,160.13
154.43,154.58,153.07,153.09,1452063,160.13
153.5,154.1,152.78,153.84,3061912,160.13
152.985,154.99,152.985,154.55,2064185,160.13
155.0,156.86,154.77,156.38,1777024,160.13
156.61,157.72,156.13,157.67,1597608,160.13
157.37,159.01,156.84,158.93,2616907,160.13
158.5,159.49,157.4535,159.46,3204962,160.13
158.95,159.15,157.7308,158.9,1624075,160.13
158.9,159.4,158.051,159.11,1809390,160.155
159.5,160.635,158.57,160.11,2048945,160.155
160.25,160.37,157.91,157.96,2858729,160.155
159.1,160.47,158.81,160.21,2143095,160.155
160.13,161.0823,159.82,160.94,1715458,160.155
161.6,162.498,160.2,161.75,2246733,160.155
161.21,161.88,160.82,161.43,1719976,160.155
161.29,162.05,160.64,160.88,1635846,160.155
161.2,161.99,160.54,160.6,1951898,160.155
161.12,161.75,160.615,160.79,1327113,160.155
