open,high,low,close,volume,target,prediction
73.01,73.71,72.82,73.31,2000477,75.4,
73.09,73.27,72.1,73.07,1880055,75.4,
72.89,73.495,72.58,73.37,1710274,75.4,
73.32,73.71,73.2,73.56,1884631,75.4,
73.21,73.5,72.66,73.13,2096346,75.4,
73.08,74.16,73.0,74.16,3221961,74.0,
74.28,75.46,73.83,75.4,2787513,74.0,
75.4,75.97,75.0,75.0,2641312,74.0,73.41218346634584
74.69,74.75,73.45,73.85,2647515,74.0,
74.15,74.8,73.95,74.8,1930654,74.0,
75.17,75.52,73.91,73.91,2836095,77.03,
74.32,74.68,73.55,73.83,1970561,77.03,
74.0,74.63,73.39,74.41,2201042,77.03,75.09085082294084
74.52,75.14,74.27,74.36,2366121,77.03,
74.13,74.95,73.62,74.82,1678154,77.03,
74.53,75.28,74.25,75.24,1825682,78.0,
75.56,77.0,75.5,76.92,2523071,78.0,
77.03,77.6,76.92,77.41,2000048,78.0,75.14968542537872
77.29,77.835,76.87,77.57,2565710,78.0,
77.98,78.46,77.39,78.35,1878456,78.0,
78.38,78.43,77.63,78.3,1752106,76.34,
78.26,78.4,77.63,78.02,1645569,76.34,
78.0,78.12,77.465,77.93,1789769,76.34,78.6385761555052
78.08,78.37,77.865,78.26,1959257,76.34,
77.88,78.17,76.52,76.6,6131312,76.34,
75.87,77.27,75.86,76.81,2578496,74.18,
77.16,77.22,75.81,76.18,2801666,74.18,
76.34,76.8,76.13,76.49,2487340,74.18,76.93872921997217
75.83,76.005,74.065,74.3,3844648,74.18,
74.3,74.74,73.33,73.88,3306172,74.18,
74.2,74.324,73.225,73.41,3397367,76.86,
74.0,74.73,73.84,74.54,2040600,76.86,
74.18,75.04,74.1,74.88,2482818,76.86,74.2061368274002
73.79,76.14,72.42,75.97,4038807,76.86,
76.07,76.45,75.55,75.85,2017406,76.86,
76.1,76.98,75.91,76.67,2686667,76.97,
76.835,77.0,76.13,76.6,2986577,76.97,
76.86,76.92,76.31,76.61,1796319,76.97,76.08757563539837
75.76,76.36,75.52,76.25,2077949,76.97,
76.14,76.62,75.9,76.55,1950747,76.97,
76.76,76.95,75.93,76.21,1975596,76.99,
75.56,77.12,75.5,77.01,3406072,76.99,
76.97,77.94,76.81,77.78,2533852,76.99,76.80944324509207
77.0,77.37,76.17,77.23,2985208,76.99,
76.93,77.06,75.23,75.24,2930740,76.99,
76.0,77.56,75.605,77.49,3439799,78.0,
76.79,77.23,76.42,76.7,3185116,78.0,
76.99,77.15,75.48,75.57,3528100,78.0,75.51265141371117
75.02,75.39,74.205,74.74,5587899,78.0,
75.0,75.13,74.19,74.94,2324161,78.0,
75.29,77.2,75.01,76.3,3279067,80.15,
76.43,77.91,76.43,77.81,3654835,80.15,
78.0,79.66,77.88,79.33,3472781,80.15,75.25555664712992
78.61,79.38,78.46,78.66,2683480,80.15,
78.66,81.45,78.63,81.13,3947964,80.15,
80.92,81.44,80.03,81.44,3334321,79.7401,
81.44,82.18,79.71,79.77,3600978,79.7401,
80.15,80.77,79.335,79.49,3432576,79.7401,81.56606216297656
80.08,80.29,79.24,79.5,3486056,79.7401,
79.4,79.85,78.74,78.82,4917796,79.7401,
78.87,79.35,78.74,79.05,2567784,80.56,
79.13,80.0,79.0,80.0,3088533,80.56,
79.7401,80.77,79.69,80.09,2155461,80.56,79.08688873522428
80.34,81.48,80.15,80.48,2193646,80.56,
80.06,80.69,79.85,79.92,1739587,80.56,
79.91,80.63,79.86,80.55,2265006,81.76,
80.5,80.94,79.815,80.76,2382819,81.76,
80.56,81.52,79.29,80.61,2528731,81.76,80.07963403312269
80.7,82.24,80.5,82.24,2567982,81.76,
82.94,83.82,82.33,82.53,3026247,81.76,
82.65,83.33,82.12,82.9,2675999,82.25,
82.97,84.225,82.2,82.52,3090060,82.25,
81.76,82.75,81.1,82.52,2742775,82.25,82.72434231988474
82.04,82.39,80.78,82.22,2206926,82.25,
83.27,83.44,82.76,83.09,2105299,82.25,
82.52,83.37,82.35,82.95,2457826,80.84,
83.02,83.4,82.78,82.84,2195554,80.84,
82.25,83.5,82.0,82.11,3134966,80.84,83.27991697430994
82.48,82.61,81.6,82.1,2019011,80.84,
82.0,82.29,80.94,81.25,3340511,80.84,
81.25,81.25,79.37,79.58,2433400,80.91,
79.74,80.05,78.77,79.55,2721559,80.91,
80.84,80.95,80.06,80.9,2916634,80.91,81.4979424868697
81.28,81.59,80.6,81.55,2127510,80.91,
80.64,81.6,80.36,80.41,1972249,80.91,
80.84,81.0,79.65,79.71,1462595,79.69,
79.89,81.38,79.44,81.08,2150462,79.69,
80.91,81.65,80.325,80.55,1367384,79.69,80.56606203384176
81.28,82.95,81.11,82.45,2473330,79.69,
82.64,83.3,82.14,82.93,1862586,79.69,
82.87,83.03,81.82,81.83,1876335,71.8,
81.11,81.51,79.37,79.52,2886852,71.8,
79.69,79.92,78.78,79.4,4555053,71.8,83.15776886611155
79.06,79.87,78.85,79.16,2518387,71.8,
80.05,80.17,79.25,79.66,2899300,71.8,
80.48,80.48,79.43,79.56,3066592,74.01,
80.22,80.92,79.84,80.22,4071210,74.01,
71.8,72.25,69.0,71.96,28284386,74.01,79.91534941186565
72.14,73.51,72.0,72.1,6396495,74.01,
71.73,72.45,71.39,72.12,4685505,74.01,
71.88,73.0,71.88,72.68,2908587,75.81,
73.25,74.09,73.001,73.64,3125448,75.81,
74.01,74.86,73.76,74.47,4585314,75.81,72.49168231310632
74.86,74.98,73.84,74.1,4339977,75.81,
74.22,74.5,73.73,74.35,3547180,75.81,
75.0,75.58,74.89,75.2,4099120,75.83,
75.5,75.74,74.96,75.52,3509692,75.83,
75.81,76.29,75.35,76.25,2247474,75.83,74.67481641680023
75.98,76.62,74.68,75.29,3676703,75.83,
75.76,75.77,74.97,75.16,3336475,75.83,
75.05,75.98,75.01,75.44,2646943,72.84,
75.56,75.56,74.54,75.22,4107795,72.84,
75.83,75.895,74.88,75.0,2697565,72.84,75.43861445252746
75.14,75.19,74.23,74.25,2494974,72.84,
74.59,74.95,73.51,73.72,2318215,72.84,
73.5,73.9802,73.02,73.14,3260980,74.39,
73.14,73.15,72.16,73.12,3393168,74.39,
72.84,72.84,72.15,72.37,3101649,74.39,73.98885126863415
73.36,73.92,72.55,73.74,3977051,74.39,
73.69,74.83,73.47,73.81,3839580,74.39,
74.21,74.97,73.75,74.85,2972138,72.99,
74.34,74.645,74.0,74.59,4015236,72.99,
74.39,74.78,74.1,74.23,2556028,72.99,74.09275953335268
74.01,74.5,73.19,73.25,3261554,72.99,
73.07,73.4,72.57,73.0,2584245,72.99,
72.81,73.6,72.62,72.98,3151647,71.63,
73.03,73.905,73.03,73.53,3196274,71.63,
72.99,73.7,72.58,72.79,2944287,71.63,73.28902632441876
73.0,73.18,72.61,72.88,2769528,71.63,
72.71,72.87,71.39,71.5,4341186,71.63,
70.67,71.96,70.5,71.53,3651335,73.88,
71.37,71.87,71.17,71.65,3396313,73.88,
71.63,72.37,71.4,71.67,3138371,73.88,71.83715933836757
71.68,72.65,71.4,72.16,3080697,73.88,
72.12,73.265,71.98,72.81,3539838,73.88,
72.84,74.5,72.79,74.1,3467201,72.72,
74.54,74.6499,73.66,74.01,2837171,72.72,
73.88,74.56,73.715,73.73,2011865,72.72,73.14511602070893
72.92,73.23,72.109,72.24,2836739,72.72,
72.35,72.77,72.0,72.45,2002760,72.72,
72.32,73.22,72.14,72.72,1828073,74.0,
72.77,72.8675,71.77,72.25,2709871,74.0,
72.72,73.535,72.67,73.08,3186029,74.0,72.72472428906647
73.08,73.33,72.53,73.05,2079370,74.0,
73.0,74.26,73.0,74.0,2390834,74.0,
74.12,74.6,73.15,73.21,2984719,76.27,
73.5,73.75,73.26,73.58,2831042,76.27,
74.0,74.94,73.94,74.74,2017484,76.27,74.30936945331686
74.76,75.66,74.71,75.0,3266103,76.27,
74.99,75.23,74.08,74.16,3104478,76.27,
74.5,74.73,74.02,74.5,2328702,76.29,
75.34,76.51,75.34,76.34,3262383,76.29,
76.27,76.878,75.98,76.61,2549122,76.29,74.42793258667385
76.74,78.0565,76.3427,77.79,2761138,76.29,
78.05,78.33,77.46,77.55,2837857,76.29,
77.6,78.34,77.23,77.32,4287653,73.54,
77.1,77.5,76.29,76.36,2870589,73.54,
76.29,76.65,74.75,75.14,5124447,73.54,77.77558996052542
75.44,76.325,75.0,76.12,3259768,73.54,
76.5,76.73,75.62,75.87,5006824,73.54,
74.5,74.65,72.36,74.09,8860556,72.51,
74.06,74.19,73.5,73.64,5534426,72.51,
73.54,74.52,73.31,73.82,2529355,72.51,76.1913936687589
73.38,73.7,73.01,73.51,2512109,72.51,
73.37,73.6,73.01,73.14,2760902,72.51,
73.33,73.815,72.99,73.26,2241257,72.26,
72.51,73.47,72.31,72.35,2966305,72.26,
72.51,72.92,70.73,71.09,5099783,72.26,73.39647689189232
70.58,70.75,69.78,70.28,5006144,72.26,
70.99,71.435,70.81,71.26,3247198,72.26,
71.56,72.75,71.35,72.71,2747842,73.62,
72.17,72.83,71.95,72.66,1734032,73.62,
72.26,72.52,71.56,71.6,2267849,73.62,71.57028625392296
72.01,72.67,71.83,72.43,2421455,73.62,
71.81,72.91,71.56,72.85,2998332,73.62,
72.95,73.11,72.31,72.88,4100636,74.45,
73.03,73.6,72.85,73.53,3067197,74.45,
73.62,74.16,73.2714,73.95,2990792,74.45,73.22634272923975
73.65,73.91,73.27,73.78,2711509,74.45,
73.74,73.97,73.35,73.5,3761207,74.45,
73.5,73.76,73.3,73.61,2564861,72.79,
73.6,74.44,73.44,74.32,2868942,72.79,
74.45,74.95,74.3,74.91,2780731,72.79,73.78232726178028
74.78,75.26,74.21,74.25,2835045,72.79,
74.24,74.37,73.5,73.5,2773614,72.79,
73.89,74.16,72.915,73.0,3300712,75.44,
73.1,73.23,72.54,72.71,2942749,75.44,
72.79,73.75,72.33,73.36,2834823,75.44,73.75249097519777
73.44,75.23,73.43,75.04,4268935,75.44,
74.37,76.28,74.37,75.55,4435750,75.44,
75.39,75.99,75.02,75.24,2909382,78.64,
75.15,75.7125,75.0,75.49,1778181,78.64,
75.44,76.6,75.31,76.3,4196916,78.64,75.90864228029827
76.24,77.57,75.56,77.41,3826759,78.64,
76.81,77.58,76.28,77.06,3943474,78.64,
77.47,78.51,77.41,78.02,6371012,77.38,
78.02,79.45,77.96,78.52,3836556,77.38,
78.64,79.24,78.4,78.47,2720571,77.38,77.3846062838105
78.47,79.3,77.86,78.16,2447558,77.38,
78.36,78.72,77.88,78.43,2207679,77.38,
78.49,78.53,77.65,77.84,2175197,75.5,
77.82,77.96,77.05,77.21,1863228,75.5,
77.38,77.96,77.26,77.37,2002776,75.5,78.67934511077384
77.41,78.01,77.21,77.61,1755168,75.5,
77.75,78.25,77.34,77.47,1560572,75.5,
77.42,77.643,76.15,76.33,2489339,75.51,
76.33,77.24,76.03,77.09,2138840,75.51,
75.5,76.3499,75.14,76.07,3550471,75.51,77.65901511987086
76.14,76.29,75.63,75.79,2197281,75.51,
75.97,76.225,75.17,75.53,3259396,75.51,
75.64,75.98,75.01,75.13,2434446,74.15,
75.11,75.69,74.37,75.41,2350702,74.15,
75.51,76.0,74.28,74.4,3000832,74.15,75.818912332209
74.42,74.87,74.04,74.08,3266318,74.15,
74.27,74.62,73.79,73.94,2841420,74.15,
74.09,74.86,74.09,74.62,4172108,81.47,
74.53,74.79,73.96,74.0,4086993,81.47,
74.15,75.8,74.15,75.62,6325591,81.47,74.19608343635346
77.52,79.95,77.49,79.51,10933187,81.47,
79.72,80.98,79.6,80.55,6783293,81.47,
80.51,81.7,79.98,81.55,4405693,81.21,
80.86,81.39,80.65,81.31,1564690,81.21,
81.47,82.53,81.23,82.15,2399183,81.21,80.91838919718653
82.46,83.45,82.43,82.51,2466209,81.21,
81.71,82.2,80.68,82.06,2551888,81.21,
81.68,82.46,81.48,82.22,2113761,82.75,
81.5,81.92,81.09,81.13,2405384,82.75,
81.21,81.82,81.09,81.4,1812566,82.75,82.39663197638889
81.31,81.5,80.44,80.54,2312283,82.75,
80.84,81.94,80.66,81.52,3368387,82.75,
81.29,82.2,81.25,82.15,4217448,83.64,
82.02,83.05,82.0,82.95,4054242,83.64,
82.75,83.22,82.39,83.2,4369463,83.64,81.78808879489915
82.71,82.74,80.8,81.06,3941523,83.64,
80.78,82.25,80.71,81.95,3288647,83.64,
82.09,84.31,81.61,84.22,4284908,81.34,
83.54,84.26,83.14,84.12,4183539,81.34,
83.64,84.9,83.63,84.43,3762200,81.34,82.24560718765467
84.22,85.04,83.86,84.93,3031250,81.34,
84.46,85.88,84.46,85.4,3564057,81.34,
84.81,85.07,83.5,83.92,4147473,80.02,
83.29,83.3,81.17,81.18,3384290,80.02,
81.34,81.9,80.18,81.15,2640267,80.02,85.64100354689609
81.73,81.91,80.93,81.3,2995664,80.02,
81.27,81.77,80.1301,80.32,2703516,80.02,
81.05,81.34,80.19,80.72,2244657,80.19,
80.0,80.38,78.82,79.88,3696808,80.19,
80.02,80.68,77.66,78.09,3745076,80.19,80.5443908455018
78.39,78.51,77.9,78.08,2608155,80.19,
77.87,78.53,77.42,77.57,3163163,80.19,
77.87,78.74,77.79,78.52,2224827,82.1,
78.81,80.73,78.67,80.58,3472470,82.1,
80.19,80.58,79.78,79.97,2399941,82.1,77.79987791483663
80.53,80.89,80.15,80.55,2257890,82.1,
80.84,81.84,80.84,81.21,2489254,82.1,
80.86,81.98,80.63,81.74,1895048,84.0,
81.73,82.4301,81.38,82.11,2025305,84.0,
82.1,82.75,81.78,82.59,2013898,84.0,81.39970810055601
82.42,83.74,82.24,83.26,3801559,84.0,
83.16,83.5862,82.94,83.38,2465314,84.0,
83.6,84.19,83.53,83.8,2366605,83.42,
83.71,84.75,83.61,83.95,1843118,83.42,
84.0,84.0,82.97,83.41,2189669,83.42,83.57617307765835
83.76,83.8,83.11,83.4,1987581,83.42,
82.4,83.69,81.94,83.36,2108035,83.42,
83.31,83.81,82.73,83.35,2419995,84.32,
82.56,82.745,81.78,82.5,1970579,84.32,
83.42,84.63,83.36,83.98,2218002,84.32,83.64920198611273
83.94,84.21,83.48,84.11,1793921,84.32,
84.24,84.36,83.59,83.8,1976399,84.32,
84.32,84.69,83.6,83.93,1951817,83.69,
83.82,84.271,83.44,84.04,1520844,83.69,
84.32,84.595,83.38,83.55,1687344,83.69,83.97271015815394
83.16,83.31,82.59,82.75,2643286,83.69,
83.01,83.02,81.87,82.09,2702255,83.69,
81.98,82.47,81.32,81.38,2048809,82.61,
81.97,83.43,81.73,83.39,2286576,82.61,
83.69,84.12,83.33,83.79,2181101,82.61,82.31214259464603
83.57,83.82,81.9,82.63,1984530,82.61,
82.5,83.1,81.806,83.06,1657264,82.61,
83.44,83.69,82.63,82.83,4799094,79.6,
83.32,83.82,81.61,82.0,2998472,79.6,
82.61,83.75,82.59,83.52,2875945,79.6,83.34007611888622
84.0,84.12,82.97,82.97,3973202,79.6,
80.11,80.29,76.25,78.8,14821341,79.6,
79.55,79.96,78.47,78.81,7108670,78.47,
79.18,79.86,78.25,79.72,4318128,78.47,
79.6,79.67,78.97,79.54,3877434,78.47,79.69533352652505
79.29,80.15,79.06,79.99,3091801,78.47,
79.79,80.0,78.05,79.35,3588598,78.47,
79.59,79.69,78.06,78.14,4121337,78.07,
77.6,78.99,77.49,78.88,4568356,78.07,
78.47,79.05,78.18,78.29,3772570,78.07,79.75116894847142
77.66,78.55,77.28,78.48,3470745,78.07,
78.57,78.73,76.77,76.83,3518380,78.07,
76.46,77.63,76.362,77.09,4762208,79.33,
77.47,78.64,76.88,77.82,3672913,79.33,
78.07,78.95,77.42,78.92,3333443,79.33,77.11330274054251
79.54,79.99,78.9699,79.11,3771474,79.33,
78.73,79.5,78.0,78.9,4428126,79.33,
78.88,79.72,78.73,79.71,2423947,77.65,
79.58,80.0,78.91,79.64,2187792,77.65,
79.33,79.73,79.1,79.11,2014021,77.65,79.24197305399724
79.45,79.46,77.96,78.36,3378850,77.65,
79.09,79.22,78.27,78.43,2666615,77.65,
78.55,79.33,77.93,79.07,3552966,78.74,
79.03,79.77,78.84,79.68,2315850,78.74,
77.65,80.39,77.35,80.22,3446582,78.74,78.66153806949637
80.18,80.7,79.65,79.84,2387091,78.74,
79.86,80.2,79.335,79.36,1797728,78.74,
78.74,79.18,78.38,79.0,1913075,78.9,
79.0,79.0,78.58,78.73,2188911,78.9,
78.74,78.87,77.71,78.21,3421816,78.9,79.53472318057611
78.17,79.045,78.01,78.83,2607587,78.9,
78.81,78.83,78.075,78.74,1801176,78.9,
78.71,79.5,78.71,79.19,2835518,78.17,
79.24,79.975,79.2,79.68,1380815,78.17,
78.9,79.61,78.59,78.85,1705765,78.17,79.0026919893323
78.83,79.9,78.28,78.42,2790164,78.17,
78.7,79.75,78.55,79.53,2575108,78.17,
79.18,79.58,78.93,79.56,1727553,79.93,
79.35,79.56,78.19,78.4,1797243,79.93,
78.17,79.48,78.17,79.37,1578183,79.93,79.80669943394464
79.41,79.54,78.88,79.45,1309187,79.93,
79.68,79.96,79.484,79.79,1199810,79.93,
79.81,80.22,79.69,80.1,1834120,83.53,
80.06,80.1475,79.46,79.58,1943166,83.53,
79.93,80.46,79.45,80.42,1320799,83.53,79.96866459936575
80.46,81.49,80.27,81.45,2477402,83.53,
81.1,81.74,81.09,81.27,1578127,83.53,
81.21,82.0,81.1,81.87,2280389,83.04,
81.87,83.73,81.4875,83.45,4565545,83.04,
83.53,83.65,82.92,83.58,2313400,83.04,81.4211274606874
83.6,83.88,83.36,83.53,2429048,83.04,
83.49,84.56,83.4,84.26,2092994,83.04,
84.07,84.49,83.56,83.64,1889339,82.83,
83.35,83.62,82.63,82.94,2402277,82.83,
83.04,83.12,82.09,82.42,1928710,82.83,84.47198135084858
82.96,83.4,82.51,82.73,1624956,82.83,
82.44,83.05,82.29,82.82,1806977,82.83,
82.63,82.99,82.26,82.51,1735486,82.95,
82.53,82.79,82.23,82.69,2702507,82.95,
82.83,83.37,82.71,83.06,2352305,82.95,83.00860652518381
82.93,83.385,82.41,83.13,4154537,82.95,
82.89,82.98,82.1601,82.67,2963990,82.95,
82.7,82.98,82.26,82.44,2795760,81.26,
82.31,83.53,82.17,83.06,3735939,81.26,
82.95,83.145,79.766,81.53,7405984,81.26,82.91308168116072
81.09,81.8,80.975,81.35,4008666,81.26,
81.1,81.6,80.75,80.84,3472880,81.26,
81.09,81.62,80.91,81.25,2141584,79.88,
81.0,81.49,80.65,81.06,2400485,79.88,
81.26,81.69,81.22,81.55,1042859,79.88,81.04528706163875
81.12,81.32,80.77,81.05,2083541,79.88,
80.99,81.26,80.81,81.11,1815618,79.88,
81.15,81.48,80.53,80.64,2884051,79.49,
80.08,80.42,79.7,79.77,2964981,79.49,
79.88,80.11,79.545,79.77,2586663,79.49,81.29310775121711
80.16,80.32,79.26,79.46,2595752,79.49,
79.36,79.86,79.0955,79.36,3195003,79.49,
79.87,80.11,79.45,79.74,3423461,80.32,
79.65,80.1,79.18,79.24,2107703,80.32,
79.49,79.7856,78.85,79.74,2818871,80.32,79.58666249896532
79.85,80.2,79.39,79.8,1985783,80.32,
80.0,80.67,79.99,80.29,2105652,80.32,
80.4,80.78,80.192,80.59,2483734,78.97,
80.33,80.9,80.23,80.69,2065630,78.97,
80.32,80.83,80.12,80.38,1487599,78.97,80.47512341419139
80.18,80.92,79.97,80.65,1799243,78.97,
80.59,80.96,80.46,80.57,2416897,78.97,
80.6,80.87,80.15,80.49,1722522,77.72,
79.91,80.66,79.22,79.28,2745846,77.72,
78.97,79.49,78.5,79.35,2160919,77.72,80.74829819813219
78.97,79.49,78.5,79.35,2160919,77.72,
78.96,79.27,78.04,78.45,2163250,77.72,
77.26,78.14,76.87,77.84,3093604,79.48,
78.31,78.59,77.34,77.5,2138060,79.48,
77.72,78.92,77.38,78.87,2523045,79.48,78.69638533557867
78.96,79.52,78.61,78.96,2931570,79.48,
78.89,79.25,78.33,78.57,2062519,79.48,
78.99,79.25,78.52,78.99,2103668,80.6,
79.19,79.27,78.88,79.27,1682441,80.6,
79.48,79.929,78.6,79.01,2533813,80.6,78.78234169162643
79.41,79.98,79.33,79.81,1920659,80.6,
79.94,80.5,79.65,80.32,1663003,80.6,
80.32,80.49,79.88,80.4,1214461,81.32,
80.66,81.03,80.42,80.82,1360147,81.32,
80.6,80.82,80.4,80.51,1810177,81.32,80.5450668917317
81.04,81.6,80.875,80.98,1734717,81.32,
81.3,81.99,81.2,81.62,2435719,81.32,
81.46,81.58,80.76,80.98,1728010,81.75,
80.59,81.8,80.33,81.02,1846100,81.75,
81.32,81.32,80.52,81.06,1416617,81.75,81.818908958205
80.95,81.49,80.91,81.12,1753960,81.75,
81.55,81.96,81.3,81.86,2041282,81.75,
82.14,82.16,81.52,81.76,2781111,80.99,
81.7,82.0699,81.47,81.83,2276700,80.99,
81.75,82.05,81.54,81.73,1880104,80.99,82.0717626961305
81.7,81.74,80.7,80.95,2173751,80.99,
80.95,81.35,80.6964,81.21,1922591,80.99,
81.06,81.53,80.82,81.51,1856166,79.92,
81.3,81.56,80.58,80.97,2801760,79.92,
80.99,81.15,80.45,80.6,1949214,79.92,81.41890157166628
79.84,80.47,79.175,80.09,4188438,79.92,
80.07,80.21,79.35,79.68,3119240,79.92,
80.08,80.71,79.79,80.46,3034414,78.26,
80.64,80.84,79.645,79.93,4365705,78.26,
79.92,79.92,79.07,79.22,3698515,78.26,79.92916109881475
79.22,79.605,78.9,79.6,4313473,78.26,
77.95,80.43,77.5603,80.2,6875316,78.26,
79.97,80.11,78.54,78.98,5547638,80.4,
79.23,79.37,78.75,79.29,2912054,80.4,
78.26,79.98,78.08,79.92,2967313,80.4,80.74955208761249
79.8,81.77,78.84,81.32,5449054,80.4,
81.18,81.25,79.54,79.72,3785701,80.4,
79.49,79.805,78.75,79.43,3046440,76.84,
80.0,80.63,80.0,80.32,2588213,76.84,
80.4,80.945,80.23,80.73,2475146,76.84,79.9977148930578
80.51,80.5625,78.8,78.81,2991445,76.84,
78.41,80.08,78.39,79.84,4899635,76.84,
79.94,80.01,78.12,78.19,3949057,75.68,
78.41,78.82,76.8,76.84,3389525,75.68,
76.84,77.32,76.25,76.29,3333687,75.68,80.21177089778138
76.64,77.15,75.98,76.17,6816814,75.68,
74.2,76.19,73.98,75.85,4811119,75.68,
74.93,76.6,74.6001,76.15,4648219,78.03,
76.83,76.98,76.32,76.62,2737969,78.03,
75.68,76.74,75.33,76.44,2457660,78.03,76.29808627424565
76.83,78.22,76.584,77.93,2382782,78.03,
78.1,78.89,77.42,77.46,2421616,78.03,
78.22,78.48,77.69,78.08,1976710,81.03,
78.1,79.07,78.07,78.35,2313967,81.03,
78.03,79.421,77.94,79.02,3383317,81.03,77.66420434052885
79.28,79.48,79.0,79.47,2465438,81.03,
79.47,79.95,79.0,79.55,2432818,81.03,
83.83,84.22,83.57,84.12,1929625,83.16,
81.08,81.42,80.94,81.12,3089706,83.16,
81.03,81.37,80.67,80.97,2306760,83.16,79.79404130188958
80.89,81.29,80.78,81.15,2371329,83.16,
81.5,82.5,81.35,82.48,3201712,83.16,
82.19,83.31,82.108,83.24,2606915,84.43,
83.24,83.75,82.72,83.48,2504938,84.43,
83.16,84.35,83.16,84.16,2444461,84.43,82.76725785115455
84.13,84.5,83.775,83.94,1650316,84.43,
83.83,84.22,83.57,84.12,1929625,84.43,
84.03,84.78,83.8,84.44,2337166,83.99,
84.27,84.739,84.05,84.64,2777205,83.99,
84.43,84.79,84.13,84.65,1890166,83.99,84.31080062128552
84.65,84.77,84.08,84.3,2715543,83.99,
84.06,84.2,83.46,83.64,2117367,83.99,
83.48,83.91,83.16,83.44,1573443,85.85,
84.32,84.37,83.71,84.08,2204344,85.85,
83.99,85.0,83.99,84.93,2003186,85.85,83.81238324489283
84.8,85.38,84.78,85.32,3475163,85.85,
85.28,85.29,84.81,85.15,1930137,85.85,
85.29,86.49,85.19,86.33,1725067,84.17,
85.88,87.08,85.61,86.0,2743585,84.17,
85.85,86.22,85.25,85.98,2504291,84.17,85.32198717175604
86.4,86.6,85.78,86.52,1728442,84.17,
86.41,86.56,85.93,86.34,1724428,84.17,
86.31,86.49,86.08,86.19,2229918,82.0,
84.17,85.22,83.99,85.18,1653414,82.0,
84.17,85.22,83.99,85.18,1657711,82.0,86.50321048016774
85.2,85.31,83.62,83.73,1973190,82.0,
84.38,85.43,83.68,83.88,2369316,82.0,
83.41,83.47,81.86,81.9,2784774,91.35,
82.13,82.85,81.69,81.88,3161612,91.35,
82.0,84.215,81.66,82.87,4386544,91.35,84.04686933291974
83.0,85.31,82.85,85.3,5080980,91.35,
88.12,90.99,87.79,89.74,8918390,91.35,
90.15,91.36,89.64,90.51,6480572,90.18,
90.08,91.25,89.77,91.18,2993636,90.18,
91.35,91.75,90.7,91.42,2148450,90.18,90.18199470579943
91.48,91.94,91.31,91.32,914865,90.18,
91.4,91.72,91.18,91.26,1193957,90.18,
90.9,91.05,90.24,90.52,1994819,89.0,
90.5,90.84,89.99,90.19,1721895,89.0,
90.18,90.48,89.29,89.31,1761251,89.0,91.32386465514641
89.67,90.09,88.43,88.84,2021565,89.0,
88.04,88.32,87.18,87.34,2998923,89.0,
87.5,87.77,86.01,86.71,2867550,89.01,
87.16,88.75,87.16,88.53,2865541,89.01,
89.0,90.15,88.84,89.88,2807888,89.01,87.50918663406709
89.95,90.15,89.38,89.78,2399918,89.01,
89.11,90.0201,88.91,89.51,2418523,89.01,
89.77,91.34,89.15,89.83,4009506,89.51,
89.54,89.54,88.0,88.78,2377914,89.51,
89.01,89.1,87.67,88.17,1824431,89.51,89.66628835907542
87.75,89.01,87.55,88.89,2657392,89.51,
88.89,89.42,87.92,88.62,2335335,89.51,
88.35,88.63,87.73,88.34,2040751,85.12,
88.72,89.56,87.95,89.5,2656855,85.12,
89.51,89.92,89.14,89.22,1940730,85.12,88.82159564575868
89.04,89.2,88.24,89.08,1997695,85.12,
87.95,88.32,86.0,86.16,3689037,85.12,
86.93,87.12,84.33,84.36,3469070,88.6,
84.95,85.7,83.94,85.64,3590586,88.6,
85.12,85.44,83.86,84.03,3837548,88.6,86.38697697538214
84.42,85.85,83.47,85.83,3088515,88.6,
86.25,87.96,85.97,87.92,3501305,88.6,
89.18,89.18,87.165,87.34,2764092,89.09,
88.11,88.54,87.34,88.47,2102529,89.09,
88.6,89.1,87.84,88.15,2386506,89.09,88.25591291774583
87.51,88.23,87.1,87.36,2670455,89.09,
87.74,87.91,86.68,87.52,2573782,89.09,
87.52,88.17,87.25,87.96,1829790,90.6,
88.06,89.22,87.98,89.09,1931324,90.6,
89.09,89.8,89.08,89.79,1774397,90.6,87.7606129027143
89.63,89.79,88.825,89.3,1915989,90.6,
89.0,89.515,88.86,89.43,1509467,90.6,
89.53,90.38,89.37,90.27,1751661,89.76,
90.02,90.98,89.31,90.49,2950629,89.76,
90.6,90.79,90.13,90.57,1579045,89.76,89.5652091846251
90.17,90.995,89.89,90.85,1592032,89.76,
90.64,91.44,90.33,90.6,1732915,89.76,
90.82,91.23,90.0,90.3,2156791,90.73,
90.05,90.76,89.86,90.03,1686052,90.73,
89.76,91.24,89.73,91.18,1974960,90.73,90.69859055763577
91.18,91.27,90.55,90.84,2888328,90.73,
90.83,91.2,90.06,90.91,2728849,90.73,
91.31,92.18,91.18,92.05,3019572,88.32,
91.62,91.95,90.49,90.67,3735001,88.32,
90.73,90.96,90.14,90.79,1464248,88.32,91.11724062870779
89.96,90.21,88.05,88.06,3230953,88.32,
88.29,88.9,86.76,86.86,4320442,88.32,
87.03,88.3,86.86,88.2,2165238,91.38,
88.18,88.21,86.4,87.87,3617194,91.38,
88.32,89.1,88.14,88.91,2245954,91.38,87.07439146062893
88.35,88.88,88.21,88.84,2210911,91.38,
88.8,91.3499,88.365,90.93,2664857,91.38,
90.89,91.34,89.99,90.19,2658467,94.15,
90.89,91.65,90.51,91.48,3558190,94.15,
91.38,91.775,91.21,91.54,1916215,94.15,91.2802155960281
91.49,91.49,89.28,89.41,2948550,94.15,
89.41,89.95,88.18,88.21,3607111,94.15,
91.51,94.98,90.94,94.17,7156977,95.64,
93.92,94.14,92.65,93.94,4352015,95.64,
94.15,94.84,93.94,94.42,3333089,95.64,88.38007741341822
94.01,94.49,93.55,93.69,2708639,95.64,
93.56,93.93,92.68,93.56,2737163,95.64,
93.7,94.42,93.1,94.18,2145674,93.57,
93.46,96.0,93.13,95.69,2563700,93.57,
95.64,96.78,95.14,96.39,4233017,93.57,93.75340574931171
95.46,96.16,94.66,95.12,2652113,93.57,
95.4,95.66,94.68,95.47,1952209,93.57,
95.45,95.47,94.53,94.69,2158015,93.91,
94.34,94.88,93.44,93.49,2443882,93.91,
93.57,94.22,93.22,93.81,2087008,93.91,95.61550714300309
94.27,94.5,94.01,94.16,2094737,93.91,
93.91,94.22,93.67,94.06,1934824,93.91,
93.29,93.41,92.16,92.39,2647838,93.6,
92.99,93.56,92.62,93.27,3294388,93.6,
93.91,94.0,92.865,93.0,1949793,93.6,94.15628686505987
93.34,93.63,92.755,93.38,1896224,93.6,
93.38,94.27,92.85,93.84,2165463,93.6,
93.29,93.82,92.64,93.4,2250827,94.44,
94.03,94.4,93.53,93.76,2156362,94.44,
93.6,94.49,92.74,94.42,1976294,94.44,94.00973878793452
94.25,94.41,92.91,93.65,1701872,94.44,
93.23,93.86,92.13,92.65,1804775,94.44,
93.32,93.67,92.7,93.36,1852249,95.31,
93.84,94.96,93.76,94.44,1991255,95.31,
94.44,94.74,93.44,93.65,1769045,95.31,92.78872501122572
93.66,93.97,92.59,93.0,2386607,95.31,
92.93,94.83,92.74,94.49,2466589,95.31,
95.57,96.29,94.99,95.89,2411688,97.71,
95.5,96.44,95.41,96.01,2838455,97.71,
95.31,95.62,94.45,95.42,2065084,97.71,94.72006002730939
95.6,96.1,95.08,95.68,1785111,97.71,
96.14,97.0,96.06,96.98,1504599,97.71,
96.83,97.24,96.46,97.02,2578608,96.31,
96.61,97.74,96.61,97.46,2111687,96.31,
97.71,97.95,96.92,97.18,1672837,96.31,97.08765854232696
97.33,97.78,96.689,97.05,1441862,96.31,
96.78,97.05,96.29,96.83,1677792,96.31,
96.5,96.69,95.915,96.39,2083030,96.77,
96.87,97.17,95.7401,96.09,2397376,96.77,
96.31,96.95,95.94,96.77,1513593,96.77,96.92297628303179
96.7,97.02,96.08,96.91,1202657,96.77,
96.78,96.97,95.795,96.04,1713759,96.77,
96.18,96.6,95.61,96.19,1422131,95.3,
95.96,96.848,95.62,96.33,1152326,95.3,
96.77,97.27,96.35,96.98,1322934,95.3,96.12323525071487
96.08,96.79,95.69,95.93,1535068,95.3,
95.91,96.06,94.835,95.4,1753878,95.3,
95.16,95.4,94.67,94.77,1450598,96.99,
95.26,95.4,94.25,94.94,1284827,96.99,
95.3,96.92,95.19,96.52,2131096,96.99,95.52831149704603
96.66,97.18,96.55,96.92,1857597,96.99,
96.31,96.7,95.93,96.1,2034662,96.99,
95.09,95.95,94.69,95.79,1961533,98.01,
95.88,96.926,95.61,96.7,1675336,98.01,
96.99,97.31,96.03,96.93,1839895,98.01,96.16120188253275
97.06,97.7,96.79,97.31,2004051,98.01,
96.98,97.66,96.79,97.02,2353889,98.01,
97.63,99.06,97.54,98.59,3082833,97.74,
99.04,99.435,97.73,98.25,2513631,97.74,
98.01,98.4,96.79,97.77,2532961,97.74,97.078335491515
100.205,100.47,99.16,99.48,5103246,97.74,
99.97,100.35,98.52,99.0,4990415,97.74,
98.14,99.07,96.54,96.68,3025007,98.8,
97.69,97.69,96.57,96.78,2572557,98.8,
97.74,98.79,97.31,98.06,2259473,98.8,99.18066919298825
98.29,98.72,96.51,97.33,2456720,98.8,
96.44,97.58,96.31,97.34,1817912,98.8,
97.8,99.1,96.65,98.68,3090056,100.55,
99.45,99.45,96.95,97.62,2623315,100.55,
98.8,99.09,97.65,97.75,2734880,100.55,97.46190859686826
98.73,99.28,98.03,98.78,2536158,100.55,
99.35,100.765,99.09,100.55,3488890,100.55,
100.01,100.87,99.73,100.74,2394930,102.5,
100.56,100.71,99.65,99.95,1858586,102.5,
100.55,101.62,100.55,101.45,1859196,102.5,100.73675458049729
101.56,101.56,100.17,100.48,1544773,102.5,
100.7,101.19,100.33,100.72,1579315,102.5,
100.37,101.22,100.2,100.39,1534386,102.06,
100.31,102.5,100.2507,102.33,2775882,102.06,
102.5,103.31,102.17,102.42,2308125,102.06,100.75610885299756
102.17,102.8,100.88,101.17,2114999,102.06,
100.66,101.01,100.04,100.39,1871573,102.06,
100.91,101.76,100.45,101.69,1708434,104.3,
101.69,102.71,101.52,102.45,2071718,104.3,
102.06,102.99,101.61,102.66,1448084,104.3,100.44148123517046
103.0,103.99,102.93,103.11,2402146,104.3,
103.17,103.78,102.385,103.21,2178411,104.3,
103.21,104.6,103.11,103.42,2141286,104.04,
105.0,105.33,104.13,104.5,2569870,104.04,
104.3,104.855,103.0,103.1,1644171,104.04,103.30086552275608
103.03,103.83,102.63,103.74,1761581,104.04,
104.31,105.37,104.14,105.2,1763819,104.04,
104.79,104.95,103.41,103.58,1940018,102.18,
102.78,103.85,102.34,103.77,2386127,102.18,
104.04,104.09,102.665,103.39,2358240,102.18,105.26509562147085
103.0,103.53,102.42,103.45,2055570,102.18,
103.33,103.54,102.43,103.48,1875456,102.18,
103.64,104.085,103.1,103.86,1952980,96.21,
104.03,104.16,102.52,102.87,2082112,96.21,
102.18,103.66,99.87,99.97,3459881,96.21,103.59627722677189
99.37,99.76,97.09,97.13,3360583,96.21,
91.34,95.8999,88.43,92.67,5216496,96.21,
95.42,95.76,92.05,92.14,4313246,95.01,
94.33,95.27,92.4,95.04,3998876,95.01,
96.21,96.5,93.96,95.73,3993105,95.01,93.29866490395806
95.36,96.135,94.92,95.85,3222820,95.01,
95.21,95.655,94.19,94.27,2725377,95.01,
91.88,93.5,91.68,92.29,3869409,96.59,
93.59,94.45,92.32,94.43,2539296,96.59,
95.01,95.94,94.66,95.61,2816148,96.59,94.37121397773349
94.31,95.12,93.68,94.45,3421382,96.59,
96.27,97.34,96.01,97.12,2508154,96.59,
97.42,97.85,95.33,95.52,2099722,94.79,
95.39,97.36,95.36,96.81,3342070,94.79,
96.59,97.448,96.0,97.35,1983394,94.79,97.27521955907049
97.41,97.5,96.4,96.51,2002466,94.79,
97.0,98.62,96.14,98.24,2090803,94.79,
98.22,99.35,98.06,98.96,1742087,98.36,
98.96,99.94,98.35,98.53,2397524,98.36,
94.79,98.51,94.79,97.53,3629550,98.36,98.49493626699709
98.05,99.13,97.66,98.43,2346721,98.36,
97.13,97.83,96.15,97.67,2920518,98.36,
97.82,98.36,97.32,97.86,2816461,97.08,
95.77,98.0,95.67,97.77,4054561,97.08,
98.36,98.41,96.37,96.94,3413410,97.08,97.90487301000539
96.53,97.32,95.8,95.95,3025491,97.08,
96.09,96.775,95.53,96.6,3371595,97.08,
97.64,98.38,97.352,98.26,3704116,105.11,
98.47,99.0,97.05,98.44,3222708,105.11,
97.08,99.42,96.31,99.39,2610200,105.11,96.79225873744322
99.97,101.81,99.94,101.62,2228226,105.11,
101.5,101.95,100.89,101.5,2460834,105.11,
102.0,102.63,101.28,102.62,1955802,103.0,
102.51,105.27,102.19,105.01,3450828,103.0,
105.11,106.4813,104.67,104.78,3835738,103.0,101.5848966507653
104.69,105.22,104.61,105.05,2356728,103.0,
103.0,104.62,102.73,103.48,2585608,103.0,
102.22,102.95,101.2,102.43,2421141,107.3,
103.05,103.05,102.145,102.3,2738312,107.3,
103.0,103.01,102.18,103.01,2190492,107.3,103.53847386261587
102.78,103.32,102.59,103.1,2022762,107.3,
103.34,103.64,102.84,103.47,2817870,107.3,
103.97,104.42,102.4,102.52,1964609,108.05,
102.9,106.61,102.9,106.46,2483489,108.05,
107.3,108.23,106.27,107.99,2972631,108.05,103.55011533530308
107.87,108.44,107.4,107.97,1480012,108.05,
107.55,108.21,107.29,107.87,1792656,108.05,
107.89,109.86,107.4,109.73,2910837,105.32,
109.07,109.38,107.482,107.95,2484340,105.32,
108.05,108.39,107.2,107.2,2529199,105.32,107.87084485409592
107.08,107.93,107.08,107.6,2484602,105.32,
107.03,107.69,106.88,107.31,2443270,105.32,
107.33,107.33,106.46,106.52,2625804,104.0,
106.52,106.96,105.91,106.09,1842233,104.0,
105.32,106.25,105.09,106.0,2205745,104.0,107.31180546141762
105.23,105.7292,104.55,104.88,2174141,104.0,
104.58,105.2,104.5,105.07,1580864,104.0,
105.3,105.61,105.04,105.1,1810224,107.58,
104.82,105.23,104.16,104.32,1830696,107.58,
104.0,104.5,103.02,103.15,2039342,107.58,105.08147351553355
103.69,106.42,103.56,106.33,4147913,107.58,
106.4,106.95,105.375,106.29,2898809,107.58,
106.91,108.0,106.29,107.88,2438944,107.58,
107.88,108.43,107.04,107.28,2527800,107.58,
107.58,108.31,107.58,107.97,3405358,107.58,106.39342895247412
107.97,108.41,107.55,107.84,2238838,107.58,
107.39,107.74,106.71,107.35,2547662,107.58,
107.69,107.74,107.02,107.1,1789282,109.13,
107.06,107.755,106.93,107.46,995734,109.13,
107.58,107.79,107.1,107.22,2868775,109.13,107.3985905047868
107.29,108.25,107.22,108.13,2433923,109.13,
107.91,108.648,107.51,107.59,1780279,109.13,
107.54,108.17,105.37,105.93,2588317,105.69,
106.29,109.26,106.25,109.1,1970356,105.69,
109.13,109.65,108.24,108.94,1618739,105.69,107.53978472049006
107.47,109.24,107.3916,108.91,2293488,105.69,
108.56,109.63,106.74,107.29,1995155,105.69,
107.29,108.5,106.84,107.6,2313174,102.92,
106.46,106.72,105.02,105.3,3066827,102.92,
105.69,107.11,105.37,106.36,3071772,102.92,107.33679176221015
107.28,107.99,106.47,106.72,2859518,102.92,
107.32,109.22,106.84,109.08,3146815,102.92,
107.0,107.15,103.24,103.26,7181260,104.5,
103.13,103.13,101.91,101.93,5473740,104.5,
102.92,103.33,102.19,102.99,2176160,104.5,109.27692381782023
103.29,103.94,102.74,103.76,1815074,104.5,
104.06,104.65,103.75,104.42,1491784,104.5,
104.22,104.79,104.19,104.23,686248,100.81,
103.64,104.2,103.4162,104.08,1400889,100.81,
104.5,105.597,104.5,105.32,1563116,100.81,104.4527861617499
105.3,106.386,104.91,105.86,2047439,100.81,
105.4,105.93,104.38,104.5,1987700,100.81,
102.62,102.65,100.97,101.83,2817024,101.39,
101.97,102.87,101.47,102.36,2408961,101.39,
100.81,103.06,100.54,102.16,3134204,101.39,104.50561658588678
99.75,100.84,98.84,99.16,3194718,101.39,
99.48,99.81,98.0,98.2,2330210,101.39,
98.48,99.72,98.075,99.23,2734441,99.04,
99.96,101.29,99.435,101.01,2811046,99.04,
101.39,101.75,98.74,99.26,3160151,99.04,98.28949855881447
99.12,102.47,98.91,101.88,4285458,99.04,
98.74,101.01,98.45,99.27,5184309,99.04,
100.16,101.95,99.78,101.38,3478187,102.84,
99.24,100.19,97.14,99.06,5245019,102.84,
99.04,99.91,98.0,98.29,4499467,102.84,99.42513770925088
99.79,102.36,99.56,102.24,3609669,102.84,
102.21,103.15,101.24,101.75,2962051,102.84,
101.79,103.13,101.45,102.53,2925601,102.22,
102.67,103.6,101.33,101.96,3044295,102.22,
102.84,103.59,101.59,103.08,3378841,102.22,101.83707988792646
103.37,105.65,103.24,105.54,4878504,102.22,
104.75,106.8,104.73,106.28,3693811,102.22,
105.27,105.62,103.45,103.82,2992925,92.54,
104.45,104.68,100.62,102.1,4535928,92.54,
102.22,103.02,101.38,102.73,3875394,92.54,106.41951084876567
102.42,102.5881,98.58,98.97,3894459,92.54,
96.65,96.65,93.35,95.07,6681731,92.54,
94.01,95.08,91.4,93.32,6679491,98.31,
94.43,95.74,94.131,94.21,4649117,98.31,
92.54,93.92,92.25,93.43,4202794,98.31,95.52436983953406
94.43,95.0,93.99,94.7,3122497,98.31,
96.24,97.09,95.48,96.91,3808270,98.31,
97.74,99.91,97.73,99.01,3741673,101.48,
99.62,101.12,98.31,98.52,2740777,101.48,
98.31,99.02,97.93,98.95,3229426,101.48,97.15434431963372
100.158,100.59,99.58,100.35,2126278,101.48,
100.34,100.68,99.55,99.65,2359061,101.48,
98.65,99.62,97.92,99.55,2567838,103.09,
99.96,100.93,99.16,100.91,2794525,103.09,
101.48,102.1,100.95,101.12,2108002,103.09,99.6970359342968
100.68,101.73,100.14,100.26,2389528,103.09,
101.38,103.45,101.0,103.45,2125536,103.09,
103.48,103.48,101.98,102.66,2436007,104.49,
102.45,102.85,101.18,102.8,2036237,104.49,
103.09,103.55,102.57,103.18,1581873,104.49,103.68237124564949
102.44,102.56,101.5,102.4,1835624,104.49,
101.75,102.94,101.36,102.62,2330599,104.49,
102.93,103.42,102.62,103.4,2296742,108.73,
103.64,104.4,102.1,103.58,2406897,108.73,
104.49,105.8,104.16,105.68,2952712,108.73,102.74637781261092
105.1,106.7,104.97,106.32,2757854,108.73,
106.06,107.29,105.4,107.07,2390970,108.73,
107.24,107.9199,106.26,107.59,2332823,114.43,
107.59,108.67,107.19,108.56,2876720,114.43,
108.73,108.73,107.19,107.77,8616844,114.43,107.21632675891486
107.33,108.85,107.14,108.16,3472200,114.43,
107.72,108.4299,107.29,107.83,2136170,114.43,
107.38,108.36,107.21,107.66,3193264,116.08,
108.79,114.435,108.68,114.3,6472689,116.08,
114.43,115.46,113.68,114.17,4214744,116.08,107.83968977393201
113.5,115.47,113.45,115.26,4033829,116.08,
115.4,116.51,115.03,115.37,3182300,116.08,
115.1,116.0,115.0,115.4,2740603,112.94,
114.76,116.52,114.7,116.35,2019197,112.94,
116.08,116.2,114.92,115.5,2231897,112.94,115.31674939499163
114.49,115.145,113.9,114.13,2069676,112.94,
113.99,114.95,113.74,114.67,2918856,112.94,
113.73,114.02,111.79,112.1,3075910,114.27,
112.92,113.23,111.85,112.83,1627345,114.27,
112.94,114.0,112.8,113.1,2465365,114.27,114.68026157877219
113.33,114.5,112.916,114.4,2715537,114.27,
113.87,115.02,113.47,114.96,4390457,114.27,
115.0,115.27,114.14,114.75,2062235,113.86,
114.76,115.31,114.34,114.82,2299687,113.86,
114.27,115.68,113.95,115.59,2237540,113.86,115.0693262481033
115.61,115.83,114.38,115.1,1822998,113.86,
115.5,116.178,115.09,115.54,2220911,113.86,
115.33,116.1658,114.44,114.48,2327284,112.9,
114.0,114.965,113.64,113.95,2634569,112.9,
113.86,114.25,113.24,114.1,1805864,112.9,115.48160518562392
114.41,115.06,113.84,114.61,2177513,112.9,
114.14,115.67,114.135,115.48,1990767,112.9,
114.99,116.04,113.98,114.33,2028155,115.28,
114.19,114.19,112.29,112.92,2451507,115.28,
112.9,114.695,112.31,114.4,2293850,115.28,115.48968442747363
113.48,113.88,112.25,113.3,2031649,115.28,
112.26,113.91,112.26,113.55,1822137,115.28,
113.65,114.43,113.47,114.08,1704623,115.62,
113.82,115.67,113.35,115.55,1917602,115.62,
115.28,116.23,115.0,115.47,1452862,115.62,113.56213443901953
115.59,116.95,115.48,116.94,1622165,115.62,
116.99,116.99,115.863,115.98,1582914,115.62,
116.42,116.63,115.47,116.36,2114291,116.69,
116.22,116.63,115.14,115.44,1803364,116.69,
115.62,117.59,115.01,117.15,2609829,116.69,115.89748528700241
117.31,117.5,115.87,116.22,2136798,116.69,
116.06,117.35,115.46,116.52,1367315,116.69,
116.27,116.27,114.59,116.03,1752528,118.89,
116.1,116.91,116.1,116.47,1538235,118.89,
116.69,116.69,115.835,116.18,1256186,118.89,116.49561892712708
116.58,119.21,116.58,119.12,2066413,118.89,
119.23,119.72,118.47,118.55,2123611,118.89,
118.59,119.2,118.05,118.41,1435852,119.94,
118.84,118.94,117.77,118.94,1317398,119.94,
118.89,119.15,118.09,118.97,1955714,119.94,118.43794341895415
118.21,119.12,118.11,119.01,1202931,119.94,
118.7,119.27,118.0,119.24,1605730,119.94,
118.88,119.0,117.91,118.9,1196682,117.08,
119.0,119.76,118.52,119.6,1202927,117.08,
119.94,120.15,119.24,119.65,1317339,117.08,119.2356435839798
119.59,119.95,118.54,119.32,2072203,117.08,
118.35,119.53,117.8,119.44,1197211,117.08,
118.5,118.89,117.94,118.27,1452092,119.61,
117.86,118.94,117.03,117.08,1992268,119.61,
117.08,118.32,116.75,118.09,1425344,119.61,119.45357259907865
118.3,118.39,117.33,117.45,1453261,119.61,
116.82,118.52,116.63,118.3,1569607,119.61,
118.09,118.11,116.79,117.57,2216526,110.6,
119.1,120.33,118.895,119.05,2092724,110.6,
119.61,119.84,119.2,119.43,2040394,110.6,118.31585686581141
119.94,120.78,118.92,119.03,3275540,110.6,
118.54,118.91,116.5,118.91,2858771,110.6,
112.77,114.9,110.93,111.45,6814335,112.63,
110.34,110.75,108.66,109.29,3648356,112.63,
110.6,111.0,109.58,110.56,2873006,112.63,119.11404208597233
111.67,112.02,110.9,111.76,3603021,112.63,
112.32,113.31,112.11,113.29,3682559,112.63,
113.66,114.23,113.29,113.52,2195489,117.0,
113.51,113.56,112.625,113.1,2041071,117.0,
112.63,113.52,111.96,113.52,2667246,117.0,113.35671992442418
113.51,113.9,112.51,112.7,2050523,117.0,
113.73,115.24,113.17,115.11,1962819,117.0,
115.7,115.98,115.13,115.46,1523057,113.87,
115.9,117.42,115.6,116.5,2435689,113.87,
117.0,117.16,116.29,116.83,1537156,113.87,115.20512253221614
117.5,118.0,116.66,116.77,1502076,113.87,
116.48,116.64,114.25,115.09,2749041,113.87,
115.18,115.32,113.91,114.14,2390690,114.45,
113.65,114.04,113.04,113.37,1826968,114.45,
113.87,116.05,113.87,115.45,2665657,114.45,115.15504821758475
115.07,115.286,111.97,112.36,2482538,114.45,
112.78,113.13,111.85,112.86,1982764,114.45,
112.78,113.11,112.06,113.07,1834053,112.81,
113.4,114.42,112.96,114.26,2796082,112.81,
114.45,114.45,113.21,113.71,2275836,112.81,112.89992289585581
113.93,113.93,111.92,112.08,2224616,112.81,
112.4,113.12,111.33,112.81,2678733,112.81,
112.58,113.55,112.3,112.88,2235284,113.19,
112.64,112.99,112.08,112.83,2120103,113.19,
112.81,113.61,112.59,113.61,1601604,113.19,112.91847809852813
113.17,113.99,112.69,113.71,2215283,113.19,
113.2,114.74,112.54,114.6,2746681,113.19,
114.6,114.75,113.49,113.68,1481921,113.09,
113.47,113.81,112.75,112.88,1820130,113.09,
113.19,113.48,112.7701,113.22,1498624,113.09,114.73497508668656
113.53,113.99,113.38,113.39,1297603,113.09,
113.2,113.55,112.67,113.03,1414708,113.09,
113.0,114.11,112.75,113.6,2284399,115.47,
113.1,113.26,112.34,112.98,1998463,115.47,
113.09,113.7199,112.41,112.93,1566925,115.47,112.96964969738627
112.74,113.1325,111.92,112.35,2406432,115.47,
112.21,113.15,111.73,113.05,1519042,115.47,
112.73,113.85,112.36,113.76,1459186,114.93,
113.94,115.9,113.64,115.48,2385087,114.93,
115.47,115.72,114.27,114.57,2266773,114.93,113.08787464599949
114.24,115.26,113.67,115.04,1869256,114.93,
115.17,116.2,114.54,115.2,1419341,114.93,
115.08,115.56,114.35,114.85,1367742,114.43,
114.98,115.55,114.73,115.35,1319021,114.43,
114.93,115.38,114.48,115.0,1999417,114.43,115.14787282076509
114.75,115.5,114.04,115.06,1572686,114.43,
115.5,116.26,115.2401,115.66,1539566,114.43,
115.83,116.0,114.83,115.36,1479152,109.64,
115.37,115.86,114.94,115.12,1485099,109.64,
114.43,114.56,112.25,112.3,3078476,109.64,115.57406876644806
111.71,112.09,110.33,110.39,3282650,109.64,
110.22,112.96,110.11,112.76,2370856,109.64,
111.58,111.96,110.17,110.53,2483203,111.98,
110.75,111.54,109.29,109.8,2328081,111.98,
109.64,111.42,108.831,110.72,2905821,111.98,112.92902340516744
110.33,110.49,109.12,109.88,2604902,111.98,
110.61,111.28,110.14,110.5,1785685,111.98,
111.18,111.75,110.7,110.7,1995841,120.56,
111.49,111.89,110.75,111.7,2466908,120.56,
111.98,114.27,111.91,113.66,2596154,120.56,110.46169267459453
110.51,113.79,109.5,113.09,2265179,120.56,
112.45,113.95,112.45,113.73,3224170,120.56,
113.75,116.22,113.75,116.13,3134703,118.21,
115.68,117.0625,115.37,116.65,3640306,118.21,
120.56,124.96,120.35,121.64,7643380,118.21,113.77792120293219
121.78,123.03,121.78,122.17,4815794,118.21,
121.59,122.47,120.64,120.86,3667521,118.21,
121.18,121.44,117.755,118.24,3973660,117.08,
118.49,118.71,117.51,118.21,2875146,117.08,
118.21,118.81,117.68,118.52,2504502,117.08,120.78406484020192
118.52,118.635,115.93,116.0,3034302,117.08,
116.38,117.98,116.38,117.46,2157553,117.08,
117.38,117.44,116.21,116.97,2708225,116.6,
117.41,117.97,116.71,117.62,2366466,116.6,
117.08,118.5,116.03,118.11,3106637,116.6,117.4276022676518
118.46,119.16,117.86,118.25,2508485,116.6,
118.25,118.25,116.75,116.85,1904916,116.6,
117.7,118.26,117.35,117.53,2472902,115.65,
116.71,117.51,116.13,116.82,2263239,115.65,
116.6,117.14,115.96,116.05,2247838,115.65,116.77813603994562
115.95,116.0,114.91,115.59,1979120,115.65,
116.02,116.5,115.48,115.8,1539785,115.65,
115.54,115.87,114.95,115.27,1456836,118.13,
114.79,115.9,114.51,115.45,1830897,118.13,
115.65,116.11,115.2,115.46,1871613,118.13,115.71488504449454
115.85,116.58,115.03,115.67,1656236,118.13,
115.63,116.56,115.47,116.24,1877768,118.13,
116.5,116.7,115.455,116.14,2444386,117.34,
116.14,119.2,116.0,118.61,5361141,117.34,
118.13,118.5,116.66,116.95,2086406,117.34,116.19140903201865
117.04,118.1199,116.44,117.23,2068333,117.34,
118.11,120.0,118.11,119.97,2311082,117.34,
119.9,121.0,119.51,119.81,2118807,117.5,
115.88,118.0,114.66,117.21,5797624,117.5,
117.34,120.8,117.29,120.33,4357469,117.5,120.00410287228425
119.66,121.0,118.71,119.18,3201775,117.5,
119.17,119.59,116.2,117.25,3622499,117.5,
117.55,117.84,115.38,115.99,3119949,119.9,
116.19,118.03,115.76,117.32,2147097,119.9,
117.5,118.54,117.21,118.37,1313635,119.9,117.36161014445888
118.25,118.56,117.87,118.43,2123479,119.9,
118.7,119.88,118.43,119.68,1694583,119.9,
119.92,120.39,119.32,119.48,2251828,117.63,
119.36,120.29,119.07,119.82,1966491,117.63,
119.9,120.78,119.59,120.74,783672,117.63,119.65253563669525
120.53,121.39,120.09,120.76,2075644,117.63,
120.74,121.525,120.37,120.94,1484017,117.63,
121.01,121.14,119.43,119.43,2635490,121.33,
119.5,120.05,117.12,117.66,2260397,121.33,
117.63,118.25,116.17,117.29,1922836,121.33,120.8310712314764
117.86,118.58,117.29,117.72,2052296,121.33,
118.13,118.89,117.73,118.41,1973602,121.33,
118.65,121.65,118.45,121.57,2024090,124.58,
121.67,122.39,121.27,121.74,1449505,124.58,
121.33,123.455,120.86,123.31,2227331,124.58,118.34689215472673
122.86,123.79,122.6,123.61,1608712,124.58,
123.8,125.72,123.68,125.4,2333210,124.58,
125.25,125.65,123.43,123.65,2041315,117.4,
123.45,125.28,123.26,124.55,1761439,117.4,
124.58,125.16,122.44,123.0,4513962,117.4,125.3797594216762
123.23,124.44,123.16,123.65,2750436,117.4,
124.04,124.27,123.01,124.1,3290845,117.4,
118.55,119.98,117.6,117.9,6032468,117.38,
118.06,118.63,117.01,117.79,2758497,117.38,
117.4,118.21,117.11,117.48,1697312,117.38,124.09955154705793
117.36,118.48,117.21,117.55,1546608,117.38,
118.0,118.0,116.09,116.61,1797685,117.38,
116.98,117.98,116.51,117.01,1633892,114.94,
117.56,117.95,116.59,117.13,1739750,114.94,
117.38,117.81,115.82,116.46,2352157,114.94,116.59635283583683
116.91,117.8,116.43,116.74,2639772,114.94,
116.98,117.14,114.95,114.99,3685380,114.94,
114.99,116.74,114.34,116.3,4125269,116.54,
116.14,116.3465,114.92,115.0,2550869,116.54,
114.94,115.99,114.64,115.06,2550138,116.54,114.98450424818837
115.4,116.26,114.91,116.12,2845844,116.54,
115.62,115.965,114.84,115.78,2110781,116.54,
115.35,117.44,115.35,116.95,2666366,116.9,
115.92,116.36,115.47,116.03,2374325,116.9,
116.54,116.95,115.74,115.95,2262162,116.9,115.78821525846266
115.6,116.0,115.27,115.5,1647118,116.9,
115.88,116.25,114.81,115.07,2781387,116.9,
114.78,115.27,114.61,114.82,2319952,113.8,
115.2,116.64,114.84,116.48,2810084,113.8,
116.9,118.36,116.7,117.57,2905948,113.8,115.03321848851068
116.99,117.44,115.6244,115.93,2865071,113.8,
116.2,116.435,115.07,115.35,2545180,113.8,
115.32,115.33,113.41,114.63,2529715,116.15,
113.97,114.0178,112.61,113.87,2338994,116.15,
113.8,114.769,112.31,113.21,2471638,116.15,115.31129200995802
113.15,113.77,112.71,113.64,2450479,116.15,
114.0,114.83,113.34,114.49,1664211,116.15,
114.07,115.22,113.375,114.18,2019412,119.61,
115.0,116.17,114.95,115.92,2538228,119.61,
116.15,116.15,114.92,115.43,2373733,119.61,114.50858955803837
115.51,117.46,115.47,116.98,2117069,119.61,
116.7,118.84,116.52,117.6,2183016,119.61,
117.9,118.95,117.725,118.59,1988541,122.59,
118.47,120.0,118.405,120.0,2559693,122.59,
119.61,120.165,119.3,119.93,1951131,122.59,117.56345418117176
119.93,120.99,119.53,120.72,1966972,122.59,
120.51,121.29,120.1,121.23,1904933,122.59,
120.63,122.22,120.57,122.1,2117134,123.99,
121.66,122.88,121.58,122.21,1557038,123.99,
122.59,122.705,121.73,122.48,1439556,123.99,121.19331409426648
122.0,123.43,121.6,123.43,1447663,123.99,
123.01,123.43,122.48,122.79,1679832,123.99,
122.75,123.09,121.93,122.5,1745371,124.37,
123.24,124.29,122.46,124.07,1879707,124.37,
123.99,124.43,123.56,124.35,1896716,124.37,122.65352524240213
124.25,124.25,122.985,123.64,2122955,124.37,
122.99,123.43,122.53,123.24,1814082,124.37,
123.63,124.38,123.12,124.14,2705285,124.89,
124.11,124.79,123.78,124.46,2168611,124.89,
124.37,124.37,122.65,123.18,2338125,124.89,123.14565196444572
123.65,124.33,123.07,123.93,1931099,124.89,
124.23,124.75,123.47,124.04,2233737,124.89,
124.17,124.73,123.63,123.91,1627855,122.71,
123.41,124.99,123.03,124.8,2087675,122.71,
124.89,125.19,123.61,124.1,2182041,122.71,123.94209794437484
124.71,125.45,123.83,125.22,4603637,122.71,
125.22,125.39,124.17,124.39,2257442,122.71,
125.08,125.41,123.63,124.64,3219859,120.89,
125.03,126.53,124.47,126.48,4288622,120.89,
122.71,123.01,120.54,120.76,7116837,120.89,124.2654399315812
120.78,121.31,118.755,118.98,3949828,120.89,
118.73,119.8,118.3,119.39,3122818,120.89,
119.82,122.34,119.014,121.35,5516010,117.68,
121.66,121.71,120.15,120.98,2438878,117.68,
120.89,121.0,120.05,120.52,2030644,117.68,119.39001664488325
120.71,121.21,119.84,119.88,2102781,117.68,
118.0,118.17,117.0,117.64,3918099,117.68,
117.28,118.07,117.28,118.04,1690734,115.36,
118.24,119.09,117.49,117.64,1902105,115.36,
117.68,117.93,116.76,116.81,2049602,115.36,117.65585890334897
117.0,117.74,116.5,117.44,2408028,115.36,
117.5,118.56,117.37,117.84,2308255,115.36,
116.18,116.8,115.79,116.08,2295270,119.74,
116.05,116.4,115.47,115.58,2087832,119.74,
115.36,115.89,114.82,114.86,1838948,119.74,117.75336420927536
114.88,115.73,114.88,115.72,1168262,119.74,
115.5,116.36,115.39,116.24,1978691,119.74,
116.37,117.36,116.0,116.95,2185363,120.19,
117.65,119.86,117.38,119.21,3743523,120.19,
119.74,119.98,119.03,119.23,2639048,120.19,116.20259731568515
119.94,120.51,119.11,119.36,2106761,120.19,
119.38,119.94,118.68,118.69,1947238,120.19,
118.73,119.46,118.4,118.98,1581421,120.91,
119.12,120.62,119.12,120.49,2008174,120.91,
120.19,121.35,120.03,121.3,2476577,120.91,118.56157497641262
121.37,121.69,121.102,121.25,1931951,120.91,
121.29,121.71,120.21,120.68,2697450,120.91,
120.43,120.87,119.665,120.3,1762147,120.38,
120.75,120.99,120.22,120.82,1557495,120.38,
120.91,121.52,120.765,121.52,1716890,120.38,120.62020288034611
121.1,121.52,120.76,121.11,1522599,120.38,
121.3,121.63,120.91,121.07,1094392,120.38,
121.07,121.37,120.56,121.2,1343689,121.01,
120.75,120.9,119.67,120.8,1835224,121.01,
120.38,121.5,120.38,120.96,2362291,121.01,120.912601905467
120.96,122.54,120.7601,122.25,1772747,121.01,
122.69,123.31,122.22,123.14,2180617,121.01,
122.2,123.07,120.34,120.44,2277902,122.94,
120.86,121.03,119.41,120.4,1968786,122.94,
121.01,121.21,120.19,120.98,2190103,122.94,123.07649463455587
121.6,122.84,121.22,122.71,1912490,122.94,
122.86,123.07,121.8,122.15,1472731,122.94,
120.43,122.15,120.3,121.95,2029654,126.0,
122.75,123.56,122.2,123.1,1425580,126.0,
122.94,123.11,122.52,122.89,1415082,126.0,122.03701565467443
122.61,123.97,122.35,123.77,1373030,126.0,
124.0,124.6,123.525,124.47,2655586,126.0,
124.93,125.29,123.86,125.29,1902558,125.53,
125.37,125.98,124.891,125.74,1765967,125.53,
126.0,126.98,125.4401,126.58,1949952,125.53,124.41151756621156
126.19,127.0,126.01,126.33,1513552,125.53,
126.08,126.77,125.53,126.55,1640608,125.53,
126.97,127.0,125.52,126.17,2128861,128.47,
126.0,126.74,124.98,125.82,1929206,128.47,
125.53,126.46,124.73,126.3,2355868,128.47,126.45847586780381
126.44,127.56,126.08,127.07,2434069,128.47,
127.8,128.0,126.7,127.25,1861213,128.47,
126.28,127.36,124.5,127.03,2196307,123.15,
127.52,128.0,126.53,127.56,2965426,123.15,
128.47,128.47,127.39,127.77,2122954,123.15,127.13082310567307
127.33,127.64,126.38,126.53,2356430,123.15,
127.07,127.18,126.03,127.11,3257939,123.15,
122.97,123.9,119.1,122.08,8691127,123.82,
122.14,123.62,121.72,122.74,3817814,123.82,
123.15,124.05,122.28,122.34,2622970,123.82,127.08642851616689
122.5,122.84,122.0,122.19,2215255,123.82,
122.78,123.83,122.19,123.74,1727503,123.82,
123.5,123.5,122.61,122.99,2687283,124.06,
123.3,124.4,123.15,123.68,2290346,124.06,
123.82,124.88,123.79,123.93,1236153,124.06,123.72689767278129
124.0,124.78,123.99,124.05,1328583,124.06,
123.35,123.63,122.03,122.94,1938109,124.06,
123.55,124.75,123.07,124.21,1889418,126.25,
124.05,124.37,123.59,124.06,1301531,126.25,
124.06,124.1,123.2,123.85,1379754,126.25,122.90178916023643
124.3,125.48,124.12,125.47,2017856,126.25,
125.7,126.35,125.44,125.73,1713698,126.25,
126.19,126.96,125.73,126.7,1752903,128.25,
126.77,127.05,126.15,126.42,2005625,128.25,
126.25,127.57,125.48,127.37,1641350,128.25,125.55731438530142
127.5,128.0,126.72,127.78,2275298,128.25,
127.9,128.7599,127.65,128.54,1655339,128.25,
128.54,128.955,128.01,128.85,1765383,130.06,
128.27,128.5,127.59,128.01,1763242,130.06,
128.25,129.31,127.68,128.95,1599954,130.06,128.40702904944612
129.0,129.61,128.735,129.51,1615311,130.06,
129.7,129.7,127.42,128.16,2096970,130.06,
127.98,128.53,127.31,128.4,1133850,129.32,
128.5,129.16,128.19,128.82,1584354,129.32,
130.06,130.67,129.54,130.2,1283185,129.32,128.0994650054946
129.7,129.84,128.53,128.62,1318478,129.32,
129.22,130.28,127.99,130.02,3560416,129.32,
130.06,130.67,129.54,130.2,1283185,129.41,
129.83,130.35,129.38,129.68,952917,129.41,
129.32,129.89,128.9401,129.13,1099492,129.41,130.07715597325455
129.01,129.78,128.92,129.62,1216883,129.41,
129.22,129.78,128.19,128.24,1800865,129.41,
128.67,128.71,128.12,128.2,1105546,128.56,
128.88,129.87,128.63,129.69,1421557,128.56,
129.41,129.8,128.74,129.38,1152464,128.56,128.04763694761544
129.66,130.49,129.4,130.03,1935454,128.56,
129.88,130.03,127.56,127.59,1567187,128.56,
127.73,128.29,127.27,127.44,1263534,128.47,
127.49,128.31,127.26,128.17,1284472,128.47,
128.56,129.47,127.99,129.31,959492,128.47,127.43983899032553
128.68,129.14,128.28,128.36,1543279,128.47,
128.47,129.985,128.29,129.65,984907,128.47,
129.32,129.78,129.18,129.39,1252413,130.21,
129.71,129.9,129.02,129.24,999874,130.21,
128.47,129.985,128.29,129.66,1170831,130.21,129.53061091395392
129.65,129.96,129.09,129.79,1149129,130.21,
130.0,130.92,129.83,130.76,2003487,130.21,
130.95,130.95,129.87,130.1,1528282,135.91,
130.1,130.39,129.1,129.77,2443236,135.91,
130.21,131.38,130.05,131.12,1549927,135.91,130.61966739754922
131.5,134.83,131.36,134.24,2094810,135.91,
134.41,134.97,133.645,133.72,2178797,135.91,
134.62,136.26,133.61,136.23,1667247,136.01,
136.56,136.95,136.01,136.22,1658753,136.01,
135.91,136.17,134.21,134.78,3078644,136.01,133.48942732218
134.5,135.24,134.0,134.86,3290489,136.01,
135.0,135.65,134.04,135.35,3713509,136.01,
135.49,137.35,135.49,136.94,2496531,137.32,
137.0,137.79,136.71,136.71,2379555,137.32,
136.01,138.15,136.01,138.01,1997716,137.32,135.28798717804398
137.95,138.12,136.57,136.66,2006962,137.32,
136.68,138.0,136.5,137.9,1918509,137.32,
137.94,138.27,137.26,138.16,2463249,134.52,
138.5,138.7,136.75,136.84,2911496,134.52,
137.32,137.54,136.12,136.64,3885524,134.52,137.74782216879674
132.79,137.68,132.27,136.32,4246392,134.52,
136.91,137.57,134.84,135.07,3311992,134.52,
135.23,135.84,134.62,135.44,2667457,137.19,
134.84,135.97,133.66,134.25,2535494,137.19,
134.52,135.68,134.4594,135.16,2192962,137.19,134.91232503422273
135.5,136.37,135.27,136.22,1666067,137.19,
136.16,136.97,135.7201,136.25,1275809,137.19,
136.25,137.0,136.03,136.99,1012134,138.23,
137.0,138.0,136.845,137.52,1804091,138.23,
137.19,137.52,136.41,136.91,2648228,138.23,136.01351311683
136.98,139.65,136.14,139.2,2872177,138.23,
139.58,140.0,138.2,139.2,1687180,138.23,
139.43,139.57,138.12,139.09,1453336,139.0,
138.91,139.28,138.28,138.65,1446708,139.0,
138.23,138.63,137.36,137.42,1585207,139.0,139.0380197828089
137.45,138.67,136.84,138.62,1351693,139.0,
139.17,139.5,138.51,139.49,1368886,139.0,
139.75,140.1705,139.05,139.33,1518189,142.26,
139.34,139.43,138.05,138.91,1214963,142.26,
139.0,141.24,138.66,141.22,2046649,142.26,139.29545731177626
141.58,142.91,141.34,141.97,1965835,142.26,
142.64,143.61,141.99,143.28,2367616,142.26,
143.39,143.78,142.13,143.29,2145253,143.76,
143.18,143.29,142.155,142.36,2255297,143.76,
142.26,143.19,141.47,142.96,2060109,143.76,143.1049272683747
142.5,143.78,141.93,143.43,1585225,143.76,
143.43,144.69,143.1001,144.04,1336018,143.76,
143.12,144.21,142.29,143.93,1488755,144.41,
144.48,144.48,142.94,143.5,1284431,144.41,
143.76,145.0,143.0,144.89,1208312,144.41,143.77919264648338
144.61,144.73,142.97,143.83,1288737,144.41,
143.52,144.07,142.695,143.89,922497,144.41,
143.61,144.28,143.16,143.92,1456203,147.85,
143.41,145.5,142.77,144.96,1811893,147.85,
144.41,145.0,143.675,144.26,1792821,147.85,143.67495064262883
144.96,147.28,144.6,147.04,2040100,147.85,
146.39,146.79,144.75,145.45,2557132,147.85,
145.37,146.85,144.88,146.57,1602599,147.0,
147.0,148.47,146.41,148.01,1732024,147.0,
147.85,148.325,147.03,147.11,1263667,147.0,145.23607938164494
148.17,148.17,146.8,147.63,601818,147.0,
148.0,148.1,147.43,147.5,1352108,147.0,
148.01,148.49,146.6468,148.04,1925904,148.0,
148.56,148.56,145.23,146.95,1972967,148.0,
147.0,148.6,146.8,148.01,2837114,148.0,147.14218633336716
147.7,148.36,145.745,146.57,1971617,148.0,
147.5,147.97,146.08,147.15,2099765,148.0,
147.24,148.48,146.785,147.67,1398938,151.86,
147.74,148.4799,147.27,148.27,1363413,151.86,
148.0,148.66,147.24,148.6,1526446,151.86,146.94469657829637
149.1,150.59,148.72,150.53,1735968,151.86,
150.55,151.14,150.13,150.69,1983301,151.86,
150.61,152.8,149.96,152.1,2318318,156.09,
151.81,152.75,150.41,151.42,1596836,156.09,
151.86,152.41,151.15,151.21,1612529,156.09,150.3653873226155
151.56,152.9,150.66,152.66,3498820,156.09,
153.7,153.75,151.58,151.72,2277532,156.09,
152.0,152.79,150.9901,152.22,2063928,154.43,
152.43,152.87,151.62,151.75,3206177,154.43,
156.09,158.44,153.91,154.2,4563593,154.43,151.40772788331685
155.49,156.0,153.8,153.89,1818619,154.43,
153.14,153.47,152.46,152.99,1514425,154.43,
153.24,153.765,152.83,153.32,1690434,157.37,
153.46,153.905,152.99,153.57,1124287,157.37,
154.43,154.58,153.07,153.09,1452063,157.37,152.64424438689605
153.5,154.1,152.78,153.84,3061912,157.37,
152.985,154.99,152.985,154.55,2064185,157.37,
155.0,156.86,154.77,156.38,1777024,160.25,
156.61,157.72,156.13,157.67,1597608,160.25,
157.37,159.01,156.84,158.93,2616907,160.25,154.27319675131156
158.5,159.49,157.4535,159.46,3204962,160.25,
158.95,159.15,157.7308,158.9,1624075,160.25,
158.9,159.4,158.051,159.11,1809390,161.29,
159.5,160.635,158.57,160.11,2048945,161.29,
160.25,160.37,157.91,157.96,2858729,161.29,158.60051347023415
159.1,160.47,158.81,160.21,2143095,161.29,
160.13,161.0823,159.82,160.94,1715458,161.29,
161.6,162.498,160.2,161.75,2246733,160.96,
161.21,161.88,160.82,161.43,1719976,160.96,
161.29,162.05,160.64,160.88,1635846,160.96,160.58171303296484
161.2,161.99,160.54,160.6,1951898,160.96,
161.12,161.75,160.615,160.79,1327113,160.96,
161.25,162.58,160.33,162.55,1950655,150.29,
162.33,162.6,160.97,161.19,1314847,150.29,
160.96,161.16,159.11,159.7,1699965,150.29,160.3287510947247
160.09,160.945,159.73,160.7,1878301,150.29,
160.155,161.13,159.54,160.46,1692576,150.29,
